Departamento;Dep;Municipio;Depmun;Superficie;Poblacion;Irural;Region
 Ant%ioqUia;05;Mede&l'lín;05001;374,8306248;2483545;5;Región Eje Cafetero 
 Ant%ioquia;05; Abej!&orr*al ;05002;507,1341142;20258;45;Región Eje Cafetero 
Ant%ioquia;05;A?br'&iaquí ;05004;296,9559801;2710;58;Región Eje Cafetero 
 Ant%io>qUia;05;Alej#andr&'ía;05021;128,9321532;4669;48;Región Eje Cafetero 
 Antioquia;05;Am#a?&'*gá;05030;84,13247691;30777;28;Región Eje Cafetero 
AntioqUia;05;Am?al#'*fi;05031;1209,126871;26552;54;Región Eje Cafetero 
 AntioqUia;05;   Andes*!   ;05034;402,5025624;43713;38;Región Eje Cafetero 
Ant%ioquia   ;05;  &# Angelópoli?s   ;05036;81,87630162;5790;37;Región Eje Cafetero 
Antioq>Uia;05;Ang#'ostura;05038;338,6664821;11462;47;Región Eje Cafetero 
Ant%ioquia ;05; An*'#?orí;05040;1413,773904;18737;58;Región Eje Cafetero 
 Antioquia;05; San'!tafé de Antioqu&*ia ;05042;525,6013746;26598;45;Región Eje Cafetero 
Ant%ioquia   ;05; !An*?&za;05044;255,9233139;7085;48;Región Eje Cafetero 
Antioq>uia   ;05; A?pa&r't#adó;05045;535,1723772;124647;34;Región Eje Cafetero 
Antioq>Uia   ;05;   Arbo&le!'tes   ;05051;754,251902;29942;48;Región Eje Cafetero 
 Ant%ioqUia ;05;  # Argel!&ia;05055;245,3417823;7577;46;Región Eje Cafetero 
Antioquia;05; Arme'ni!a ;05059;110,434975;5085;43;Región Eje Cafetero 
Ant%ioq>uia;05;Bar#b*?&osa;05079;205,6661682;53242;32;Región Eje Cafetero 
 Ant%ioquia;05; &B'elmi!ra;05086;296,1531671;6054;51;Región Eje Cafetero 
Ant%ioquia ;05;   B'el&lo;05088;147,758418;538527;12;Región Eje Cafetero 
Antioquia ;05; '#  &Beta!?nia;05091;180,5259868;10274;42;Región Eje Cafetero 
   Ant%ioqUia   ;05;Betulia;05093;262,3675026;15736;42;Región Eje Cafetero 
Ant%ioqUia;05; Ciudad? Bolívar;05101;260,4461079;26160;38;Región Eje Cafetero 
Ant%ioqUia;05; Briceño ;05107;376,3467564;8065;52;Región Eje Cafetero 
Ant%ioquia   ;05;B'*ur!iticá ;05113;355,2102558;9502;52;Región Eje Cafetero 
 AntioqUia;05; '  !C*áceres;05120;1873,802834;29716;56;Región Eje Cafetero 
AntioqUia;05;C#?&aicedo;05125;200,1298832;8420;46;Región Eje Cafetero 
Antioquia;05;  # C!a*?ldas;05129;132,7559357;81658;24;Región Eje Cafetero 
Ant%io>quia;05;C'am#p*a&mento ;05134;206,3433464;9202;46;Región Eje Cafetero 
AntioqUia ;05;   Ca&ñasgord?as;05138;364,8312301;15490;46;Región Eje Cafetero 
Antioq>Uia;05;   Car&'aco?lí;05142;262,7987754;4537;53;Región Eje Cafetero 
Ant%io>qUia   ;05;Caram&ant*a   ;05145;92,05778314;4670;42;Región Eje Cafetero 
Antioquia   ;05;  ? #Ca!re*pa;05147;387,2706422;49659;40;Región Eje Cafetero 
   Antioquia   ;05;El  # Carmen   de   Vibora*l   ;05148;423,6451916;61122;38;Región Eje Cafetero 
Antioq>Uia ;05;   Ca!?rolin#'a   ;05150;149,580818;3954;51;Región Eje Cafetero 
Antioquia   ;05;   'C?*aucas#ia;05154;1429,121976;93044;45;Región Eje Cafetero 
Antioq>uia;05;   Chigorodó   ;05172;721,6826453;58684;43;Región Eje Cafetero 
AntioqUia;05;Ci&sne#ros;05190;46,93473179;9844;34;Región Eje Cafetero 
   Antioq>uia   ;05; Coc'o!rná;05197;241,7647034;15042;41;Región Eje Cafetero 
AntioqUia   ;05; &'Concepc#ión ;05206;202,0544856;4760;49;Región Eje Cafetero 
Ant%ioq>uia ;05; C!oncordia;05209;247,8803905;21504;39;Región Eje Cafetero 
   Ant%ioquia   ;05;Copac#a'?ba!*&na;05212;67,76071731;80000;20;Región Eje Cafetero 
Ant%ioquia;05;Dab&eib!a   ;05234;1957,262708;23255;57;Región Eje Cafetero 
AntioqUia ;05;  ? #Don   Matías   ;05237;203,3323106;19332;39;Región Eje Cafetero 
   Antioq>uia;05; '?!Ebéj&ico;05240;237,7793784;12108;42;Región Eje Cafetero 
Ant%ioq>Uia   ;05;E!l 'Bagre;05250;1560,248872;52925;51;Región Eje Cafetero 
Antioq>Uia ;05; Entrer!ri'o*s ;05264;214,1959458;11465;46;Región Eje Cafetero 
Ant%ioquia ;05;E'nvigado;05266;77,99670323;236114;8;Región Eje Cafetero 
 Antioquia;05;F#redonia;05282;258,092599;24553;38;Región Eje Cafetero 
   Antioquia   ;05;Fr?ontino;05284;1384,131365;20657;55;Región Eje Cafetero 
   Ant%ioq>uia;05;Gir'al!do ;05306;93,49444129;5652;48;Región Eje Cafetero 
   Antioquia;05; G&#irard*ota;05308;82,85600095;53162;25;Región Eje Cafetero 
   AntioqUia   ;05;Gó?*'mez Plata;05310;332,2046287;9828;48;Región Eje Cafetero 
   Ant%ioquia;05;Gra'#?nada;05313;190,2251211;9870;43;Región Eje Cafetero 
 Ant%ioquia ;05;   Gua&dalupe !*  ;05315;118,2097481;6607;45;Región Eje Cafetero 
   Antioq>Uia   ;05;Gua&rn'e ;05318;151,8116382;56774;30;Región Eje Cafetero 
   Antioquia;05;  * Gu&a?tapé !  ;05321;83,32688921;8548;41;Región Eje Cafetero 
Antioq>uia;05; H&eli!con*ia;05347;114,8488285;5400;41;Región Eje Cafetero 
 Antioquia;05;Hi'#&spania;05353;57,52160128;5530;39;Región Eje Cafetero 
 Antioq>uia ;05;It!agui &#  ;05360;19,64955524;283794;0;Región Eje Cafetero 
 Antioquia ;05;Itua#n'go ;05361;2841,116089;27419;58;Región Eje Cafetero 
 Antioq>uia;05; ?Ja*!r#d'ín;05364;201,1625617;14662;41;Región Eje Cafetero 
 AntioqUia;05; Jeric?ó ;05368;205,0006752;13637;41;Región Eje Cafetero 
   Antioq>uia;05;   La   &Ce'!ja   ;05376;132,7149527;66746;28;Región Eje Cafetero 
 AntioqUia ;05;   ?La   'Estrella   ;05380;36,63179449;73696;16;Región Eje Cafetero 
   Ant%ioquia;05;   La   Pint?ada#   ;05390;54,29631115;8298;36;Región Eje Cafetero 
   Antioq>uia   ;05;L!a #  ?Unió&n   ;05400;167,7396599;21963;37;Región Eje Cafetero 
   Antioquia;05;   Libo*#rina;05411;216,4164432;10040;46;Región Eje Cafetero 
 Antioquia ;05; &?Maceo;05425;387,1013758;8218;53;Región Eje Cafetero 
 Antioq>uia ;05;Ma*rin?il#la;05440;114,8712013;66399;27;Región Eje Cafetero 
AntioqUia;05;M!'on&tebello   ;05467;76,02845245;6635;37;Región Eje Cafetero 
   Ant%ioquia   ;05;Mur#indó;05475;1266,201383;5088;68;Región Eje Cafetero 
Antioq>uia ;05;M*#utatá ;05480;1075,172821;14196;57;Región Eje Cafetero 
 Ant%ioqUia ;05;Na*?ri'&!ño;05483;316,7674182;9997;44;Región Eje Cafetero 
 Antioquia;05;N!e*c#'o?clí;05490;1255,543936;43257;49;Región Eje Cafetero 
 Ant%io>qUia ;05;Ne!*c#hí;05495;937,322945;26652;53;Región Eje Cafetero 
Ant%io>quia ;05; O!l#&aya;05501;86,98619201;3150;47;Región Eje Cafetero 
 Ant%io>qUia ;05; #&Pe'ñol;05541;118,3143498;21427;37;Región Eje Cafetero 
Antioq>Uia;05;P?*&e!que;05543;434,0690434;8186;52;Región Eje Cafetero 
AntioqUia;05;   Puebl&orr?i#co;05576;75,43285986;8681;37;Región Eje Cafetero 
   AntioqUia   ;05;  # Pu&er!to   B?er'río;05579;1220,109174;40048;49;Región Eje Cafetero 
Antioq>Uia   ;05; Puer*t'&o Nare;05585;669,2914692;14384;50;Región Eje Cafetero 
Antioq>uia   ;05;   !&Puerto?   T'riunfo;05591;369,556762;18550;46;Región Eje Cafetero 
Ant%ioqUia   ;05; Remedi&os;05604;1989,19131;29061;57;Región Eje Cafetero 
 Ant%ioquia;05; !  R'etiro;05607;243,6000278;24185;40;Región Eje Cafetero 
Ant%io>qUia;05;Rio?n!egro ;05615;195,9401489;139553;24;Región Eje Cafetero 
 Ant%ioquia ;05; Sab'?a*na#larg&a ;05628;265,764416;9155;49;Región Eje Cafetero 
 Ant%ioq>Uia ;05; '!  Sabane&#?*ta;05631;15,83531904;85484;10;Región Eje Cafetero 
Antioquia   ;05; Sa'&?lgar ;05642;288,2349421;18218;42;Región Eje Cafetero 
Antioquia ;05;San   Andrés   de   *Cuerquía   ;05647;218,7266107;7240;48;Región Eje Cafetero 
Ant%ioq>uia   ;05; San C*?arl'o!s ;05649;717,8145708;15940;51;Región Eje Cafetero 
AntioqUia ;05;San   Fran?cisco#   ;05652;356,3390749;5776;52;Región Eje Cafetero 
Antioquia;05;S&an   Jerónimo#   ;05656;161,2657201;15710;40;Región Eje Cafetero 
   Antioquia   ;05; S*a?n José d'e L#a Montaña;05658;126,0735838;3706;50;Región Eje Cafetero 
   Ant%ioquia   ;05;   San   Juan   d?e*   Urabá;05659;251,9969354;20549;43;Región Eje Cafetero 
   Antioq>Uia;05;Sa'n?   Lu*&is;05660;425,6190742;13035;51;Región Eje Cafetero 
   Antioquia;05; San!* Ped#ro;05664;220,9442744;22447;38;Región Eje Cafetero 
Ant%io>quia;05;S'an Pedro de Uraba;05665;602,5331543;31571;46;Región Eje Cafetero 
   AntioqUia;05;San! ? # &Rafael;05667;363,9286583;15632;47;Región Eje Cafetero 
   AntioqUia;05;S#an R?oq'ue ;05670;424,8548977;21533;46;Región Eje Cafetero 
AntioqUia   ;05;San'*  # Vi!cente;05674;230,4911739;22258;39;Región Eje Cafetero 
 Ant%ioqUia;05; Sa!nta B#ár'bara ;05679;196,1697463;26944;36;Región Eje Cafetero 
 Ant%ioqUia ;05; Sa#nta R?osa d*e Osos;05686;864,7789144;37143;47;Región Eje Cafetero 
Antioquia;05;   Santo&   Domingo   ;05690;265,95072;12326;45;Región Eje Cafetero 
Antioq>Uia;05;El  ! Santuar?io   ;05697;83,45109381;36043;28;Región Eje Cafetero 
 Ant%io>quia ;05;  * Segovia!'? &  ;05736;1127,32688;38692;50;Región Eje Cafetero 
Ant%ioquia;05;  & Son?són   ;05756;1346,397144;36394;48;Región Eje Cafetero 
Antioq>uia   ;05;   #*Sopet!rá'n   ;05761;219,0719133;15293;42;Región Eje Cafetero 
Antioq>Uia ;05;  # Tám?esis *  ;05789;252,239744;16193;41;Región Eje Cafetero 
 Antioquia;05;Tarazá ?  ;05790;1148,984993;27517;54;Región Eje Cafetero 
   Ant%ioquia;05;   Tarso;05792;120,4790621;6194;42;Región Eje Cafetero 
Antioquia;05; Ti&ti*#r?ibí;05809;140,3457882;10716;38;Región Eje Cafetero 
AntioqUia ;05;   'T#oledo   ;05819;122,5784167;5005;46;Región Eje Cafetero 
Ant%io>quia;05;Tur&b?o   ;05837;2919,53533;127565;48;Región Eje Cafetero 
Ant%io>qUia;05;   Urami#ta   ;05842;265,9303726;6875;49;Región Eje Cafetero 
Ant%ioq>uia;05;Urrao;05847;2563,397228;30484;54;Región Eje Cafetero 
 Ant%ioq>Uia ;05;   V?!aldi&via   ;05854;567,7026356;13950;50;Región Eje Cafetero 
Ant%ioquia;05; V?a!l*paraíso ;05856;126,1747579;6462;43;Región Eje Cafetero 
 Ant%io>qUia;05;   &#Vegach'í   ;05858;524,9550092;11910;52;Región Eje Cafetero 
   AntioqUia   ;05;   Ve?n&ecia;05861;139,6743106;11636;38;Región Eje Cafetero 
   AntioqUia;05;Vigía   del   F*?uerte #&  ;05873;1661,852881;9265;67;Región Eje Cafetero 
 Antioq>uia ;05;  ' Yal#í   ;05885;440,8583118;7630;54;Región Eje Cafetero 
   Antioquia   ;05; *Yar'#umal;05887;738,2562633;42116;45;Región Eje Cafetero 
Antioq>uia ;05;   Yolomb*ó?   ;05890;1012,51462;23050;53;Región Eje Cafetero 
 AntioqUia;05;Y*&o?ndó !#  ;05893;1894,987489;19624;59;Región Eje Cafetero 
Antioq>uia;05; Z?*a'r&agoza ;05895;1167,357616;25210;53;Región Eje Cafetero 
Atl%án>tico   ;08;Bar?r&#anquilla !  ;08001;154,202079;1243056;3;Región Caribe
Atlántico   ;08;Ba&ranoa ;08078;121,3471243;64949;26;Región Caribe
 Atl%ántico ;08;   Cam&po   de   L?a   Cru'z   ;08137;99,99500657;23230;34;Región Caribe
Atl%ántico ;08;Candelar!ia   ;08141;135,7690644;16648;39;Región Caribe
Atlántico ;08;Ga&#?lapa;08296;97,51307157;64260;28;Región Caribe
Atlántico;08;Juan de A'c?o!s#ta ;08372;167,9304823;21971;39;Región Caribe
 Atlánt>ico ;08;Luruaco   ;08421;224,3210558;29348;38;Región Caribe
Atl%ántico   ;08;M!alambo '  ;08433;97,94233728;134468;19;Región Caribe
   Atlántico   ;08; Ma#natí;08436;214,2730332;20698;42;Región Caribe
 Atl%ánt>ico;08;Pa#lmar de Varela ;08520;92,33826091;30094;29;Región Caribe
Atl%ántico;08;P'&i#!o*jó   ;08549;252,9746879;6873;51;Región Caribe
 Atlántico ;08; P*ol&o?nue'vo ;08558;73,86433128;18941;32;Región Caribe
Atl%ántico ;08;  ? Ponedera;08560;206,5351911;24877;38;Región Caribe
 Atlánt>ico ;08;Puer&to   Colombia   ;08573;70,56709254;51695;27;Región Caribe
Atlántico;08;R#epelón ;08606;358,5403065;27249;41;Región Caribe
   Atlánt>ico   ;08; S*a!banagran&#de ;08634;43,11113256;33858;23;Región Caribe
 Atl%ántico;08;Sabana'l!a&rga *  ;08638;395,8743801;97005;32;Región Caribe
   Atlántico   ;08;Santa L&ucía;08675;57,36635532;16624;33;Región Caribe
Atl%ánt>ico;08;   San*to   T'#omás;08685;65,00300596;31027;28;Región Caribe
Atl%ántico;08;   So&l?#e*dad;08758;59,35835745;638065;4;Región Caribe
Atlántico;08;Su#an;08770;42,55805817;12282;32;Región Caribe
Atlántico;08;  ' T!#u*b&ará   ;08832;182,9895582;18190;41;Región Caribe
   Atlántico;08; !U?&siacurí;08849;101,3781327;12743;39;Región Caribe
Bogotá   D   C   ;11;Bogo*tá? &D C;11001;1622,852605;7592871;6;Región Centro Oriente
   Bolívar   ;13;C#?&artage!na   ;13001;597,6810116;1003685;18;Región Caribe
 Bo%lí>var ;13; ?A!ch*&í ;13006;951,7658313;24610;54;Región Caribe
   Bo%lí>var;13;   Al'tos  # del   Rosa?rio   ;13030;303,746227;11309;49;Región Caribe
   Bolívar   ;13; &  !Arenal;13042;461,9322834;7590;50;Región Caribe
   Bolívar;13; !&Arjona;13052;589,5770154;71837;38;Región Caribe
Bolívar;13;Arroyohon'do&   ;13062;163,8083758;8504;44;Región Caribe
Bolívar;13; Barranco' de Loba ;13074;430,7368606;14996;50;Región Caribe
   Bolívar;13; *C?alama!r ;13140;255,3533194;22794;41;Región Caribe
Bo%lívar   ;13;Cant!aga?llo;13160;881,4832174;8488;59;Región Caribe
Bolív>ar   ;13;C*?!i'c#uco;13188;133,1793333;13903;41;Región Caribe
 Bolí>var ;13; #Córdoba;13212;597,3180978;16225;51;Región Caribe
Bolívar   ;13;   Cl#eme*ncia ?  ;13222;85,37593328;15014;36;Región Caribe
Bolívar ;13; El Carmen *de# &Bolív?ar;13244;946,2737634;71428;42;Región Caribe
Bolívar   ;13; #  El*   'Guamo!   ;13248;383,1733874;8825;52;Región Caribe
 Bolívar ;13;   El * &# !Peñón   ;13268;318,9348519;7884;52;Región Caribe
   Bo%lí>var   ;13;Hatillo *&de Loba ;13300;194,3310147;12699;44;Región Caribe
 Bo%lívar;13; Mag&ang*ué ;13430;1129,962837;137030;39;Región Caribe
   Bo%lívar   ;13;   Mah!a?tes   ;13433;432,1803413;28602;43;Región Caribe
   Bolív>ar   ;13;Margarit!a   ;13440;293,6833555;10913;50;Región Caribe
 Bolív>ar;13;   María   la*?'! &  Baja #  ;13442;559,9178432;47389;40;Región Caribe
   Bolí>var   ;13;M#o!ntecristo   ;13458;2092,813558;17017;61;Región Caribe
Bolívar   ;13;Mo#m!'*pós;13468;652,142579;45498;44;Región Caribe
Bolív>ar ;13;Mora!l#es   ;13473;1347,599854;22846;57;Región Caribe
 Bolívar ;13;P&in!*i?llos;13549;775,5687254;24433;51;Región Caribe
   Bolí>var   ;13; R*egi?#'dor;13580;183,4526892;6983;47;Región Caribe
 Bolí>var ;13; R'í!o V&iej*o ;13600;845,2364926;10638;53;Región Caribe
   Bolívar   ;13;San !?C&'#ristóbal ;13620;42,2688054;8330;35;Región Caribe
Bolívar   ;13;Sa&?n *  Estanislao;13647;211,6392567;18729;41;Región Caribe
   Bolívar;13;San Fernand'?o ;13650;317,3249881;12813;48;Región Caribe
 Bo%lí>var ;13;San   Jacinto;13654;442,9159906;24232;45;Región Caribe
   Bolívar   ;13;San? Jacinto d&el !Cauc#a ;13655;569,9507007;10305;54;Región Caribe
   Bo%lí>var;13; San Ju&an Nep'omuceno ;13657;631,2247411;37765;44;Región Caribe
   Bolívar   ;13; Sa'n M&artín d#e Loba;13667;450,1981268;14792;51;Región Caribe
 Bo%lí>var ;13;San   Pablo   &de   Borbur;13670;2021,035991;28043;56;Región Caribe
Bolívar ;13;  '# Santa !  &Catalina?   ;13673;172,7742203;14747;41;Región Caribe
 Bolív>ar ;13;   Sant?!a   Rosa;13683;154,6722422;21766;37;Región Caribe
   Bo%lívar;13;Santa   Rosa !  d?el *  Sur;13688;2382,782371;33701;56;Región Caribe
   Bo%lí>var   ;13; S?i!m&ití;13744;1354,659727;18678;57;Región Caribe
Bolívar ;13;   #Soplaviento   ;13760;92,60413437;10733;39;Región Caribe
Bolívar;13;Tala*i'g#ua! ?  Nuevo   ;13780;249,3051513;13106;46;Región Caribe
 Bolívar ;13; Ti#?quisio;13810;762,808778;18584;52;Región Caribe
 Bolívar;13;   *Turba?co&   ;13836;201,9811425;109813;30;Región Caribe
Bo%lívar;13; T!u&rba*ná;13838;191,1551514;16954;40;Región Caribe
 Bo%lívar ;13;Villanu*&eva ;13873;137,126414;24581;37;Región Caribe
   Bolí>var   ;13; 'Za!mb?#ra&no;13894;309,15321;12113;47;Región Caribe
Boyacá     ;15;T!u#n?ja;15001;119,6889182;176347;20;Región Centro Oriente
Boyacá     ;15;Alm*e?ida #  ;15022;57,67211917;1845;46;Región Centro Oriente
Boya%cá               ;15;Aquit#!ani?a ;15047;942,1465627;15460;54;Región Centro Oriente
 Boyacá      ;15; A?rca&b'#uco;15051;137,898588;5911;48;Región Centro Oriente
   Boya%cá               ;15; Be'?*lén ;15087;163,08822;7500;45;Región Centro Oriente
Boya%cá     ;15; ?#!Berb&'eo ;15090;58,01301631;1587;49;Región Centro Oriente
Boya%cá   >               ;15;   Betéi#t*iv?a &  ;15092;101,8995485;1943;51;Región Centro Oriente
   Boyacá   >               ;15;  & Boa#v!ita;15097;145,3052912;4888;45;Región Centro Oriente
 Boyacá     ;15;   Bo*?!yacá;15104;48,02286793;5103;39;Región Centro Oriente
Boyacá      ;15; Brice#*ño;15106;64,59970295;2175;46;Región Centro Oriente
 Boya%cá >     ;15; ?'  Buena   Vista   ;15109;110,1567565;4396;45;Región Centro Oriente
Boyacá      ;15;B&us!ban*zá   ;15114;25,35271463;1138;49;Región Centro Oriente
   Boyacá                  ;15;Caldas ;15131;78,96557418;3127;45;Región Centro Oriente
 Boya%cá >    ;15; '  C!ampoher?moso;15135;298,7283793;3082;55;Región Centro Oriente
Boya%cá     ;15;Ce?rinza   ;15162;63,57858191;3703;43;Región Centro Oriente
Boyacá >    ;15;Chin&avita;15172;136,3734565;3198;49;Región Centro Oriente
Boyacá     ;15;Chiquin&qui?rá !  ;15176;165,0136694;57101;31;Región Centro Oriente
   Boyacá   >            ;15; Chis&cas ;15180;658,8148981;3924;60;Región Centro Oriente
Boya%cá     ;15;C*hi&?'ta;15183;677,3770025;7881;56;Región Centro Oriente
 Boya%cá >     ;15;Chi't!a&raque   ;15185;158,5347217;5843;47;Región Centro Oriente
 Boyacá >    ;15;C#h&'i*vatá;15187;49,53234015;2812;40;Región Centro Oriente
   Boyacá               ;15;Ci'é*neg#a ;15189;53,99242241;4642;40;Región Centro Oriente
   Boyacá   >               ;15;Cómb!it*a   ;15204;145,2759548;13140;41;Región Centro Oriente
Boyacá     ;15; ?Co#pe'r ;15212;149,8697267;3585;50;Región Centro Oriente
Boyacá   >            ;15;Co?rrale#s ;15215;60,85143191;2523;47;Región Centro Oriente
Boyacá >    ;15;Covar?ac!'&hía ;15218;102,4313225;2742;49;Región Centro Oriente
   Boyacá                  ;15; ?  Cubará# &  ;15223;1177,61461;10563;64;Región Centro Oriente
   Boya%cá   >            ;15;Cu&cai'ta ;15224;42,12806645;3759;39;Región Centro Oriente
 Boyacá     ;15;C#u?ítiva;15226;44,13326992;1804;47;Región Centro Oriente
Boyacá   >            ;15; C*híqu?'i!za;15232;116,5118127;4713;45;Región Centro Oriente
Boyacá   >               ;15; & # C*h'!ivor;15236;108,6796408;2504;51;Región Centro Oriente
   Boyacá               ;15;D'ui?*tama ;15238;234,0243925;124780;28;Región Centro Oriente
Boya%cá     ;15; ?El Coc&u!y ;15244;238,3446194;4150;52;Región Centro Oriente
Boyacá                  ;15;El Espi'no ;15248;69,40066627;3054;45;Región Centro Oriente
   Boya%cá               ;15;F&irav!itoba ;15272;109,3405951;6737;45;Región Centro Oriente
 Boya%cá     ;15;  * Floresta #?  ;15276;88,12845643;3240;45;Región Centro Oriente
   Boyacá               ;15;G&achantiv#*!á ;15293;88,16642732;2779;48;Región Centro Oriente
Boyacá                  ;15;Ga!m#e'&za;15296;123,6816171;4845;47;Región Centro Oriente
Boyacá               ;15; Gara&#go!a ;15299;193,5124911;18144;41;Región Centro Oriente
   Boya%cá   >               ;15;Guacam'!ay#a?s ;15317;57,65232987;1843;49;Región Centro Oriente
   Boyacá               ;15;   Gu&at*eque   ;15322;36,13928524;10809;31;Región Centro Oriente
Boyacá     ;15;Gu!a&yatá;15325;99,96683864;3387;42;Región Centro Oriente
Boya%cá                  ;15;   Güi*cá#n   ;15332;952,2178782;4285;61;Región Centro Oriente
 Boyacá     ;15;   Iz!a *'?  ;15362;34,24778273;1972;44;Región Centro Oriente
Boya%cá >    ;15; Jen*#e!?sano;15367;59,00829053;7274;38;Región Centro Oriente
   Boya%cá               ;15; '?!  Je#*ricó;15368;131,7368912;3900;49;Región Centro Oriente
Boyacá                  ;15;La*branzagrande;15377;581,2767701;3501;60;Región Centro Oriente
 Boyacá      ;15; &!L#?a Cap*illa;15380;56,9311693;2686;44;Región Centro Oriente
   Boyacá   >               ;15;La &Vi#ctoria ;15401;28,00521775;1118;44;Región Centro Oriente
Boyacá     ;15;La *  U#&vita;15403;161,5631862;2831;52;Región Centro Oriente
   Boyacá               ;15; Villa de&* Leyva;15407;126,5884127;16617;40;Región Centro Oriente
Boya%cá   >            ;15;M'a*!canal;15425;199,9660056;5027;51;Región Centro Oriente
Boyacá               ;15; *Mari&!pí ;15442;160,6847894;5697;45;Región Centro Oriente
Boyacá >     ;15; &  M?iraf*l'ores;15455;258,7141808;8937;47;Región Centro Oriente
   Boya%cá   >            ;15;  * Mongua;15464;360,3771473;4620;55;Región Centro Oriente
   Boyacá               ;15; !  Mo?n&*guí   ;15466;68,85476038;4266;43;Región Centro Oriente
   Boyacá   >            ;15;Mo*n?iquirá;15469;218,2790555;22821;40;Región Centro Oriente
Boyacá   >               ;15;   !*Motav#ita;15476;60,044097;5641;39;Región Centro Oriente
Boyacá >    ;15; M#u!'zo;15480;137,8741273;8466;42;Región Centro Oriente
   Boyacá               ;15;No?!b&sa;15491;55,42547563;16238;32;Región Centro Oriente
 Boya%cá      ;15;Nue?vo Co*l'ón;15494;51,39679736;5172;38;Región Centro Oriente
Boya%cá                  ;15; ?  Oi&catá;15500;60,30217623;2858;46;Región Centro Oriente
Boyacá     ;15; #Ot!anc'he ;15507;475,0400674;8002;53;Región Centro Oriente
 Boyacá      ;15;Pac#havita'&   ;15511;66,69016938;2447;45;Región Centro Oriente
Boyacá                  ;15;Páez ?'&  ;15514;339,0690833;3256;58;Región Centro Oriente
Boyacá     ;15;Pai&pa;15516;305,109195;34177;41;Región Centro Oriente
   Boya%cá               ;15; ?  Paj'ar!ito;15518;313,6825743;2400;61;Región Centro Oriente
   Boya%cá   >               ;15; Pan*q#ue?ba;15522;39,7152486;1702;47;Región Centro Oriente
Boya%cá               ;15;Pauna#   ;15531;252,6287229;7198;48;Región Centro Oriente
Boyacá                  ;15;Pay#*a   ;15533;443,8104574;2616;63;Región Centro Oriente
Boyacá   >            ;15;Paz   de  * 'Río?! &  ;15537;122,6995091;4228;47;Región Centro Oriente
Boya%cá     ;15; Pes#ca ;15542;263,0925844;6765;49;Región Centro Oriente
   Boyacá                  ;15; &Pisba ;15550;464,9507465;1779;68;Región Centro Oriente
   Boyacá               ;15;Pu*?erto   Boyacá;15572;1513,601037;47600;49;Región Centro Oriente
 Boyacá >    ;15; #?&  Quípama;15580;167,3268591;4939;44;Región Centro Oriente
 Boyacá >     ;15; Ramiriquí;15599;125,6838023;9988;41;Región Centro Oriente
   Boyacá                  ;15; Ráqui*'r?a ;15600;220,6663703;7958;44;Región Centro Oriente
Boyacá                  ;15; R'o!ndón;15621;206,3634297;2384;53;Región Centro Oriente
   Boyacá   >               ;15;   S!&aboyá   ;15632;248,651962;13728;45;Región Centro Oriente
Boyacá                  ;15;Sá!ch'&ica;15638;63,92725829;5578;44;Región Centro Oriente
 Boyacá >    ;15;S?!a#'macá;15646;167,5862368;18588;40;Región Centro Oriente
Boya%cá     ;15;   San   Ed'uardo   ;15660;109,4696018;1676;53;Región Centro Oriente
   Boya%cá               ;15; San José& de! Pare;15664;74,40355031;4989;42;Región Centro Oriente
Boyacá     ;15; San Lu?is !de Gaceno;15667;469,8454958;5476;55;Región Centro Oriente
 Boyacá     ;15;   San#&   Mat!eo;15673;123,8794718;3204;48;Región Centro Oriente
   Boya%cá                  ;15;S!an'# Migu&el de Sema ;15676;93,99806905;3006;45;Región Centro Oriente
Boyacá                  ;15;   Sa#n   Pabl?o! &  de   Borbur;15681;195,9043568;6664;44;Región Centro Oriente
   Boya%cá                  ;15;S?antana&   ;15686;67,9638235;7643;40;Región Centro Oriente
Boyacá               ;15;Sa*'n&ta María ;15690;309,6596735;3518;54;Región Centro Oriente
   Boyacá               ;15;Santa   Rosa  # de   Vi&terbo   ;15693;116,7060924;13205;40;Región Centro Oriente
   Boyacá   >               ;15; Santa Sofía;15696;77,56281644;3195;47;Región Centro Oriente
Boya%cá      ;15; Sativanorte ;15720;161,3101646;2177;54;Región Centro Oriente
Boyacá                  ;15;   Sa!ti'vasu#r   ;15723;54,88468108;1100;51;Región Centro Oriente
Boyacá               ;15;S*iachoqu#e   ;15740;119,222967;6747;44;Región Centro Oriente
Boya%cá      ;15;S*oat'#?á ;15753;123,0954378;8908;43;Región Centro Oriente
 Boyacá     ;15;  *& #Socotá;15755;603,5863879;7231;55;Región Centro Oriente
Boyacá               ;15;S*o!c#ha;15757;150,1520034;8018;46;Región Centro Oriente
Boyacá   >               ;15; S*?o!g#amo&so;15759;208,305874;129346;27;Región Centro Oriente
Boya%cá >    ;15; Som*on&'#doco ;15761;58,79505007;2887;41;Región Centro Oriente
 Boyacá     ;15; 'S?!*#ora;15762;47,84502378;3050;44;Región Centro Oriente
 Boya%cá     ;15; S#o'taqui&?rá;15763;285,2938079;8237;49;Región Centro Oriente
Boya%cá   >               ;15;S!#oracá ;15764;55,75775305;6015;40;Región Centro Oriente
   Boya%cá               ;15;Su*s?!a'cón   ;15774;182,7031371;2704;53;Región Centro Oriente
Boyacá                  ;15; Sutama*?r'chán;15776;103,5053362;6164;44;Región Centro Oriente
 Boyacá     ;15; Suta?tenza ;15778;41,12701065;4224;38;Región Centro Oriente
   Boyacá                  ;15;T?a&sco;15790;209,6981117;5823;49;Región Centro Oriente
   Boyacá   >            ;15;T'e&*#?nza;15798;45,86408254;3828;39;Región Centro Oriente
   Boyacá               ;15;Tiba#!ná ;15804;121,8326548;9085;42;Región Centro Oriente
 Boya%cá     ;15;Tibaso?'sa;15806;93,75675416;13196;38;Región Centro Oriente
 Boya%cá     ;15;T&i*#n?ja'cá;15808;79,7514018;3313;49;Región Centro Oriente
 Boya%cá >    ;15; Ti#pacoq?ue ;15810;71,94767125;3299;45;Región Centro Oriente
 Boya%cá      ;15;Toca;15814;168,2518628;8831;44;Región Centro Oriente
Boyacá     ;15;   To#*g?üí   ;15816;101,4431245;4330;47;Región Centro Oriente
Boyacá   >            ;15; Tó!p&'*ag?a ;15820;33,62952821;3660;40;Región Centro Oriente
 Boyacá      ;15;Tot#a ;15822;196,046061;5206;50;Región Centro Oriente
 Boyacá >    ;15;   &Tun!unguá   ;15832;29,22130806;1559;48;Región Centro Oriente
Boyacá                  ;15;  ! Tur?mequé&   ;15835;79,70660437;6131;40;Región Centro Oriente
Boyacá      ;15;  ! Tut*a&   ;15837;165,3303831;8369;45;Región Centro Oriente
 Boyacá     ;15;   T?u&!ta#zá;15839;122,009502;2037;54;Región Centro Oriente
Boyacá     ;15; *  #Um&bi?ta;15842;146,0853498;7534;42;Región Centro Oriente
Boyacá      ;15; Ven!taq*uemada;15861;160,0115045;15920;40;Región Centro Oriente
   Boyacá                  ;15;Vira&cac!?há '  ;15879;62,58114464;2817;45;Región Centro Oriente
   Boya%cá                  ;15;   Zetaquira#&   ;15897;251,5050651;4621;52;Región Centro Oriente
Ca%l>das;17;Maniza&l?es! '  ;17001;441,0016552;440608;20;Región Eje Cafetero 
Caldas;17; Ag?u*adas;17013;475,732664;22907;43;Región Eje Cafetero 
   Caldas   ;17;  #?! 'Anserma;17042;209,1426767;36405;33;Región Eje Cafetero 
 Cald>as;17;Ar?a#nz!azu;17050;149,5767563;10533;39;Región Eje Cafetero 
   Caldas   ;17;B?elalc&#ázar;17088;113,3466853;10634;37;Región Eje Cafetero 
Ca%ldas ;17;  & Chinch'?i#ná;17174;109,3726584;51773;24;Región Eje Cafetero 
 Cald>as;17;  * Fi&ladelfia   ;17272;192,6013668;11399;41;Región Eje Cafetero 
Cald>as ;17;La   ?'Dora*da!   ;17380;549,2363411;72972;37;Región Eje Cafetero 
Caldas   ;17;   'La   Me*!r?ced;17388;88,6003592;5916;40;Región Eje Cafetero 
Caldas ;17;   Ma?nzanares #!  ;17433;197,9118865;17805;37;Región Eje Cafetero 
Cald>as;17; M!ar'#mato ;17442;36,88602204;9035;32;Región Eje Cafetero 
   Ca%ld>as   ;17;   Mar*quetalia   ;17444;90,33303734;13368;35;Región Eje Cafetero 
 Caldas;17;   Marula&!nda   ;17446;376,9595227;2565;56;Región Eje Cafetero 
   Cald>as;17;Neira   ;17486;369,3427531;21040;39;Región Eje Cafetero 
Caldas ;17;Norca&!'si?a   ;17495;227,5466889;6075;49;Región Eje Cafetero 
Caldas;17;Pá*!co'ra&   ;17513;257,1202017;15296;42;Región Eje Cafetero 
 Caldas ;17;P!al&esti#na ;17524;112,230143;15598;33;Región Eje Cafetero 
Caldas   ;17;Pe'!#n&si?lvania;17541;498,5451076;19781;43;Región Eje Cafetero 
 Ca%ldas;17;Rio?s!uc#'io;17614;384,1694705;51371;35;Región Eje Cafetero 
Caldas ;17;Risaral#'&*da;17616;89,8893734;10640;36;Región Eje Cafetero 
Caldas   ;17; Salam#'ina;17653;388,0893344;19387;43;Región Eje Cafetero 
 Ca%ldas ;17; S?aman!á ;17662;758,1752864;20116;47;Región Eje Cafetero 
Caldas ;17; S?an &J'osé;17665;60,94262259;4875;36;Región Eje Cafetero 
   Cald>as;17;   Supía;17777;121,611572;29021;32;Región Eje Cafetero 
   Ca%ldas   ;17;   Victor&'ia;17867;558,8852848;10255;54;Región Eje Cafetero 
   Caldas;17;Vi#?llamar*ía;17873;455,0658332;66189;37;Región Eje Cafetero 
Ca%ldas ;17; &  !#Vite'rbo;17877;112,9063692;12780;36;Región Eje Cafetero 
Ca%qu>etá   ;18;   !Fl&ore?ncia   ;18001;2547,637532;170764;46;Región Centro Sur
 Ca%qUetá ;18;Al&!b*ani?#a   ;18029;414,1220702;4491;57;Región Centro Sur
 Caquetá ;18; Belén de &Los A#ndaq'ui*es ;18094;1191,618572;11102;60;Región Centro Sur
 Caqu>etá;18;   C'artagena   d#*el   C&hai?rá   ;18150;12785,61879;30778;73;Región Centro Sur
Ca%qu>etá ;18;Cur&#'illo   ;18205;403,3582494;7683;54;Región Centro Sur
 Caque>tá;18;  !& *El   Doncel#lo   ;18247;1106,076151;19256;54;Región Centro Sur
Caquetá;18;E*l P#auj!il;18256;1234,734145;18251;57;Región Centro Sur
CaqUetá ;18;La   M#o?ntañita '  ;18410;1701,06143;14662;58;Región Centro Sur
Ca%qU>etá ;18;   M!i'lán;18460;1220,575999;9838;61;Región Centro Sur
   Ca%quetá;18;   M#ore*lia   ;18479;462,4795907;3718;62;Región Centro Sur
Ca%qUetá;18;Puerto&* R#ico ;18592;4146,39716;26329;61;Región Centro Sur
Caqu>etá;18;San' &  Jo#sé   del   Fragua;18610;1304,769006;12949;59;Región Centro Sur
 CaqUe>tá ;18;San #Vicente del Caguán;18753;17464,63437;51714;69;Región Centro Sur
   Ca%quetá;18;   So&la*no;18756;42312,78361;11359;87;Región Centro Sur
 Ca%qUetá ;18;S*#oli?ta;18785;476,9314729;6280;58;Región Centro Sur
Ca%quetá   ;18;  * Valp!araíso;18860;1330,210015;6968;60;Región Centro Sur
 Cau>ca;19;  ? 'Popayán &  ;19001;480,1797433;321991;27;Región Pacífico
CaUca;19;Almag?ue!*r ;19022;236,7148308;18263;42;Región Pacífico
   Cauca   ;19;Arg#?elia;19050;775,7878261;26376;50;Región Pacífico
   Ca%uca;19;   ?Bal!boa &  ;19075;413,2111974;21270;46;Región Pacífico
 Ca%Uca ;19;Bolí#v*ar   ;19100;797,8202555;37327;46;Región Pacífico
 Cau>ca;19; B*&#u!en'os Aires;19110;435,0287987;31754;38;Región Pacífico
   Cauca   ;19;   C*aj!i&bío;19130;552,2786117;42439;44;Región Pacífico
 Ca%Uca ;19; ?  *Cal'dono;19137;354,7386533;40898;41;Región Pacífico
Ca%Uca;19; Cal?!#oto;19142;266,5645883;30143;37;Región Pacífico
   Cauca;19;Co#!r&i'n*to;19212;325,9155807;25342;40;Región Pacífico
   Ca%U>ca   ;19;El#   Tambo*?'   ;19256;2739,598906;53840;55;Región Pacífico
CaU>ca;19;Florenc&'!ia;19290;56,65263631;5254;41;Región Pacífico
Cau>ca;19;G?ua#!pi ;19318;2567,949271;27619;59;Región Pacífico
 CaU>ca;19;I?n'zá;19355;866,3120686;29170;49;Región Pacífico
 Ca%Uca;19;Ja*&mba!ló ;19364;234,4475575;18240;43;Región Pacífico
Cau>ca;19;La '*  !S&ierra   ;19392;208,3544199;10674;46;Región Pacífico
CaUca   ;19;La   Vega   ;19397;516,0748807;24542;43;Región Pacífico
   CaU>ca   ;19; &#'!López;19418;3367,567364;18761;63;Región Pacífico
 Cau>ca ;19; #Mercaderes;19450;697,9813853;22901;52;Región Pacífico
 CaUca ;19; Mir&'?anda;19455;189,6843136;31733;34;Región Pacífico
Ca%Uca ;19; M!orales ;19473;511,4777275;39516;46;Región Pacífico
Ca%Uca ;19; Pa!#'&dilla;19513;69,68342538;9953;38;Región Pacífico
   CaUca;19;Pá!'ez;19517;1793,143888;46278;53;Región Pacífico
Cau>ca   ;19; P?atí!a ;19532;755,2910829;37183;48;Región Pacífico
 Ca%uca ;19;   Piamo'#nte;19533;1104,751697;9004;63;Región Pacífico
   CaU>ca;19; Piendamó ;19548;181,2696298;41362;35;Región Pacífico
CaUca ;19;Puer?to   T!*ejada;19573;109,1232913;41648;28;Región Pacífico
Ca%Uca;19; P?u&r#ac'é ;19585;848,3233083;17423;50;Región Pacífico
 CaU>ca ;19;R!os?a*s ;19622;169,0917445;11495;43;Región Pacífico
CaUca;19;San   Se'b?astián;19693;419,0349045;11004;50;Región Pacífico
   CaUca   ;19;Sant#ander*   de   ?Quilichao   ;19698;518,1974761;111789;36;Región Pacífico
 Cauca ;19;Sa#nta   R*osa!   ;19701;3619,371026;5354;70;Región Pacífico
 Cauca ;19;Silvia ;19743;680,9915665;37713;45;Región Pacífico
 CaUca;19; S'o*ta?ra;19760;515,9441859;14079;50;Región Pacífico
Ca%Uca;19;Su?ár!&ez;19780;392,3857088;32226;49;Región Pacífico
CaUca ;19; S&?uc#re;19785;135,8732961;9582;44;Región Pacífico
Ca%uca   ;19;T'i?*mb#ío;19807;201,2927022;35895;37;Región Pacífico
   Ca%u>ca   ;19;   &Timb#iquí   ;19809;2057,706193;26363;59;Región Pacífico
 Cauca ;19;T&ori!bi#'o ?  ;19821;492,1411684;36016;44;Región Pacífico
Cauca ;19; #?Tot'!oró ;19824;404,4704595;25137;47;Región Pacífico
 Ca%uca;19;   V'&illa   Rica;19845;81,62162048;21000;35;Región Pacífico
   Cesar;20;Va'&l!#ledupar;20001;4185,791801;513685;40;Región Caribe
   Cesar   ;20; Ag?&#uachica ;20011;877,6666396;114569;42;Región Caribe
Cesar;20;Agustín #Codazzi ;20013;1753,092507;62864;50;Región Caribe
 Ce%sar ;20;Ast*&r#ea;20032;637,9027727;20617;51;Región Caribe
   Ces>ar;20;Becerri!*&l   ;20045;1225,401133;22542;58;Región Caribe
   Ces>ar   ;20;B#osco'nia;20060;586,2091721;41825;45;Región Caribe
Ce%s>ar ;20;Chimichag?'#ua *  ;20175;1376,425322;35269;53;Región Caribe
Ce%sar;20;Ch&iri'#?g!uaná;20178;1114,480371;28743;54;Región Caribe
   Ce%sar   ;20; Curu&m!#aní ;20228;915,1712714;38617;51;Región Caribe
Ces>ar;20; E?&l Cop#ey;20238;956,4508359;30957;49;Región Caribe
Ce%sar   ;20;   E?l   #'Paso !  ;20250;813,9328212;39365;51;Región Caribe
   Ce%sar;20;G?amarra *'  ;20295;326,8805947;15458;48;Región Caribe
 Cesar ;20;Gonzál&e!z ;20310;73,00612174;4469;39;Región Caribe
Ces>ar ;20;La #G'loria;20383;802,872114;17858;55;Región Caribe
Ce%sar;20; La ?Jagua de Ibirico;20400;755,9067586;49052;51;Región Caribe
Cesar;20;Ma!na*ure;20443;136,7820852;10479;42;Región Caribe
   Cesar   ;20; P'ai?!l&itas ;20517;531,8429914;19183;51;Región Caribe
Cesar;20;   ?#&Pel*!aya   ;20550;423,3873731;21564;49;Región Caribe
Ces>ar ;20;   Pueblo   Be?!#llo   ;20570;743,8018203;28298;50;Región Caribe
Ce%sar   ;20;Río   de  ? &!*Oro;20614;549,4380207;17346;52;Región Caribe
   Ces>ar;20;La   #&Paz;20621;1073,101152;28758;52;Región Caribe
Ce%s>ar;20; San #A?lberto;20710;550,2115478;27449;49;Región Caribe
Cesar;20; #San! D*ie&go;20750;645,9994446;19818;52;Región Caribe
Ce%sar;20;San M'ar#tín;20770;993,291243;27823;54;Región Caribe
 Ce%s>ar ;20; &  Tamal?am*e!que;20787;513,2984926;15790;51;Región Caribe
Có%rd>oba;23;M'!ont#e&r?ía   ;23001;3136,587044;498858;39;Región Caribe
Córd>oba   ;23;Aya#!pel?   ;23068;1964,838821;47057;53;Región Caribe
 Córdoba;23;Buena?vist#a   ;23079;834,9270381;21274;53;Región Caribe
Córd>oba;23;  !& Canalete;23090;420,0397014;15385;47;Región Caribe
Córdoba;23;Cer'et&é   ;23162;290,8443334;107234;31;Región Caribe
Córdoba   ;23;C#himá;23168;324,0030695;17738;46;Región Caribe
Có%rdoba   ;23;C*#h!inú   ;23182;626,1871305;48323;42;Región Caribe
Có%rdoba;23;Ciénag#a de Oro;23189;641,2396073;59871;42;Región Caribe
 Córdo>ba ;23; Co*t#or'ra ;23300;88,26853651;19315;36;Región Caribe
   Có%rdoba   ;23;La 'Apa*rtada;23350;287,0437171;15058;47;Región Caribe
   Córdo>ba;23;L*or!i?#ca;23417;950,9942894;114666;38;Región Caribe
Córdoba ;23; Los Córdobas ;23419;366,0647903;19038;47;Región Caribe
Có%rdoba;23;Mo'*?&mil;23464;158,7627734;19876;40;Región Caribe
Có%rdoba;23; Mo'*&?ntelíbano;23466;1551,166009;83908;47;Región Caribe
Córdoba;23;Moñi?!to&s   ;23500;203,1728803;30242;39;Región Caribe
 Córd>oba;23;Planeta   Ri?ca;23555;1140,623033;64465;46;Región Caribe
   Có%rdoba   ;23;   Pue*?blo   Nuev&o   ;23570;849,2798874;36112;48;Región Caribe
 Có%rdoba;23;P&u#erto Es!condido;23574;411,0417309;24036;46;Región Caribe
   Córdoba;23;Pu*erto &Libertador ;23580;1647,356364;42835;53;Región Caribe
Córdoba ;23;P?#ur*ísima ;23586;117,7342529;17411;38;Región Caribe
Córdoba;23;Saha&gú#n ;23660;964,8145411;109052;41;Región Caribe
Córdo>ba   ;23;San?&   Andrés '  Sotavento;23670;206,7703199;48215;31;Región Caribe
 Córdoba;23;   San   &Ante?ro   ;23672;207,4903722;34520;38;Región Caribe
 Có%rd>oba ;23; San 'B?&ernardo del !Viento ;23675;315,9719833;37052;40;Región Caribe
 Córd>oba ;23; !S?*a&n Ca'rlos;23678;446,8206344;27174;47;Región Caribe
 Có%rdoba;23; S*an Pela!yo;23686;445,4911801;52481;42;Región Caribe
   Córdoba;23;Tie!rralta ;23807;4937,722936;93873;55;Región Caribe
Có%rd>oba ;23; Val!e'?ncia;23855;919,2591996;36042;48;Región Caribe
Cundinamarca;25;A*gua ?de Di!os;25001;85,7453277;11966;35;Región Centro Oriente
   CUndinamarca;25; 'Albá&n ;25019;50,83509982;6650;36;Región Centro Oriente
 Cundinamarca ;25; *  Anapoima;25035;123,9554901;15315;38;Región Centro Oriente
 Cund%inamarca;25;Ano&laima;25040;120,9523471;14161;37;Región Centro Oriente
CUndinamarca;25;A#!rbe?láez;25053;142,4599672;10825;38;Región Centro Oriente
CUndinamarca ;25;B!el*t'?rán;25086;176,8459871;1832;55;Región Centro Oriente
   CUndinamarca   ;25; ?Bituima;25095;61,0461936;2507;44;Región Centro Oriente
CUnd%inamarca   ;25; Bo?#j&acá ;25099;102,3198813;10524;38;Región Centro Oriente
 Cundinam>arca ;25;Cabr'e#ra;25120;421,8395926;4885;55;Región Centro Oriente
   Cund%inamarca;25;   #Cachipay;25123;53,45261554;10324;32;Región Centro Oriente
   CUnd%inamarca   ;25;  & Ca'ji*cá;25126;51,27563121;87866;21;Región Centro Oriente
CUndinamarca;25;Capa#rr!apí;25148;615,6675976;12714;50;Región Centro Oriente
CUndinam>arca;25;   C*aq&ue!za;25151;111,5068197;17480;33;Región Centro Oriente
CUndinam>arca ;25;C!armen   de   #Carupa;25154;298,5490641;7733;49;Región Centro Oriente
CUndinamarca   ;25;C!haguaní   ;25168;172,0267225;4255;49;Región Centro Oriente
   CUndinamarca   ;25;   C?h&ía#   ;25175;80,15804066;141308;18;Región Centro Oriente
Cundinam>arca   ;25;Chip*a?que &'  ;25178;150,549554;9748;40;Región Centro Oriente
CUndinamarca;25;Choach'í ;25181;212,4200962;11213;42;Región Centro Oriente
   Cundinamarca   ;25; &Choc#ontá;25183;300,1938987;21425;42;Región Centro Oriente
CUnd%ina>marca   ;25;Co#g*'ua;25200;132,8803821;23286;36;Región Centro Oriente
Cund%inamarca ;25;C&o*?'ta;25214;53,67739272;34948;27;Región Centro Oriente
CUndinam>arca;25; Cu'cu?nubá;25224;109,8401736;7935;43;Región Centro Oriente
CUnd%inamarca;25;   El?!# *  Colegio   ;25245;118,279645;25047;33;Región Centro Oriente
CUnd%inamarca   ;25;El Pe#ñón ;25258;134,0909984;4710;47;Región Centro Oriente
Cundinam>arca ;25;El Rosa*l ;25260;87,21297255;23417;34;Región Centro Oriente
Cundinam>arca ;25; Faca#tativá ;25269;158,0207331;148001;22;Región Centro Oriente
CUndinamarca;25; Fomeq*&u'e ;25279;460,1753519;12367;47;Región Centro Oriente
   CUndinamarca;25;Fos'&*ca;25281;111,2035453;5892;40;Región Centro Oriente
   CUndinam>arca;25;F?!unza;25286;67,75368968;99387;20;Región Centro Oriente
   Cundinamarca   ;25;Fúquen&'e ;25288;77,46122838;5047;43;Región Centro Oriente
 CUnd%inamarca;25;Fu'?#saga*sugá;25290;193,9528767;146556;23;Región Centro Oriente
Cundinam>arca;25;G#achal'?a ;25293;384,9970873;4386;53;Región Centro Oriente
Cund%inamarca;25; Gacha?ncipá ;25295;43,05740685;18264;31;Región Centro Oriente
CUndinamarca;25;   Gachet#á   ;25297;258,862023;8439;45;Región Centro Oriente
   CUndinamarca   ;25; ?&#' ! Gama;25299;107,6867983;3152;46;Región Centro Oriente
 CUnd%ina>marca ;25;Gira*!rdo?t &  ;25307;130,1553462;105379;22;Región Centro Oriente
CUnd%inam>arca ;25;Gran*a!da &  ;25312;60,70497778;7566;35;Región Centro Oriente
 CUnd%ina>marca ;25;Guac?h*e!tá;25317;170,1733036;13749;43;Región Centro Oriente
 Cundinamarca ;25;Gua*&du!as;25320;763,675864;31869;46;Región Centro Oriente
   CUnd%inamarca   ;25;Gua!s*'ca;25322;360,5885209;16166;46;Región Centro Oriente
Cund%inamarca   ;25;Guataq?uí *#  ;25324;90,95220287;2811;48;Región Centro Oriente
Cundinamarca;25;Gua&ta!?vita;25326;252,368062;6561;48;Región Centro Oriente
Cundinam>arca;25; Guayabal d!e 'Siq?uima;25328;61,87344864;4587;42;Región Centro Oriente
Cundinamarca ;25; G*uay'abetal ;25335;222,8178266;6485;48;Región Centro Oriente
Cundinam>arca;25;G'uti!ér#*rez;25339;453,2254905;3478;56;Región Centro Oriente
Cundinamarca ;25;Jer'usa&*l!én;25368;221,860182;2283;54;Región Centro Oriente
   Cundinamarca   ;25;   J?unín   ;25372;343,8255538;5920;48;Región Centro Oriente
 CUnd%inamarca;25;La  ? Calera;25377;326,5099355;31432;40;Región Centro Oriente
   CUnd%inam>arca   ;25;La ? &' Mesa !  ;25386;148,1987348;34465;33;Región Centro Oriente
Cund%ina>marca ;25;L&a P#al*ma;25394;190,7906933;9588;44;Región Centro Oriente
   CUndinamarca;25; La Pe*ña;25398;128,470717;5976;43;Región Centro Oriente
   CUndinamarca   ;25; ?La '!Vega;25402;155,4375575;17830;39;Región Centro Oriente
 Cund%inamarca;25; ?*'#Lengu!azaque;25407;155,6303769;10424;43;Región Centro Oriente
   CUndinamarca;25;  & Mac?!he#*ta   ;25426;229,2074774;6171;48;Región Centro Oriente
Cundinam>arca   ;25;M'a?dr#id;25430;119,5819169;120067;24;Región Centro Oriente
   Cundinam>arca   ;25; M?a#*nta ;25436;107,9065122;3795;45;Región Centro Oriente
Cund%inam>arca;25; Me!di&*na;25438;1196,74949;8064;58;Región Centro Oriente
CUndinam>arca;25;Mosqu?&e#ra   ;25473;105,9388888;141171;23;Región Centro Oriente
Cundinam>arca ;25; ?!'*Nariño;25483;55,16262691;2395;45;Región Centro Oriente
   CUndinamarca;25; '#  Nem&oc?ón;25486;98,36503989;13868;38;Región Centro Oriente
Cund%inamarca;25; #  Nilo '!?  ;25488;224,7320864;11441;41;Región Centro Oriente
Cundinamarca   ;25;  ' N&#im!aima;25489;59,49982456;3665;39;Región Centro Oriente
 Cund%inam>arca;25; N!o*caima;25491;68,93823303;6317;37;Región Centro Oriente
   Cundinam>arca   ;25;V&e'n#e?cia   ;25506;122,2033168;4320;45;Región Centro Oriente
 CUndinam>arca;25;   P!#ac*ho &  ;25513;402,6267771;25046;42;Región Centro Oriente
   CUndinam>arca;25; '  P#ai!me;25518;173,6357112;4206;48;Región Centro Oriente
   CUndinamarca   ;25;Pa#*ndi ;25524;71,69758309;5146;40;Región Centro Oriente
 Cund%inamarca;25;Pa*ratebuen#o   ;25530;885,5337034;8786;59;Región Centro Oriente
Cund%inamarca;25; Pa?s&c!a ;25535;271,711612;9341;42;Región Centro Oriente
Cundinamarca;25; Pu?erto Salg'ar;25572;515,9414546;16058;49;Región Centro Oriente
 Cundinamarca ;25;   Pulí&? #!  ;25580;197,6878846;3369;52;Región Centro Oriente
   CUndinam>arca   ;25;Que!brad?anegra;25592;79,85642952;4807;42;Región Centro Oriente
CUnd%inamarca ;25; Q'uetame;25594;137,835513;5176;42;Región Centro Oriente
CUndinam>arca ;25;  ' Qu#&?ipile   ;25596;127,7171349;6380;41;Región Centro Oriente
Cundinamarca;25; Apu&*#!'lo ;25599;121,9869033;8457;41;Región Centro Oriente
Cund%inam>arca;25;   &Ri?c!a*ur'te;25612;128,2975197;13652;41;Región Centro Oriente
CUnd%inamarca;25;S*an Anton&io' del Tequendama ;25645;88,56564868;12340;34;Región Centro Oriente
CUndinamarca ;25; San B#&ernardo ;25649;247,0126176;8703;43;Región Centro Oriente
Cundinam>arca;25;   &San   Cayetano   ;25653;287,8079453;4892;52;Región Centro Oriente
Cund%inamarca;25;  ? *#San   Francisco;25658;118,7459829;11316;41;Región Centro Oriente
 CUndinam>arca;25;S?an   Juan   de   Río   S*eco;25662;314,087274;8324;47;Región Centro Oriente
   Cund%inamarca;25;Sa*s!ai#ma'&   ;25718;111,6152536;11104;39;Región Centro Oriente
   CUndinamarca   ;25;   Se?squilé;25736;141,1477493;12052;41;Región Centro Oriente
   Cundinamarca   ;25;Si*bat#é   ;25740;122,1326726;35102;28;Región Centro Oriente
   Cund%inam>arca;25;   Silva?n*ia   ;25743;162,5745281;22550;34;Región Centro Oriente
Cund%ina>marca;25; !  Simi'&jac?a   ;25745;96,7155455;13465;39;Región Centro Oriente
CUndinam>arca   ;25; *S?oacha;25754;187,4459544;709276;12;Región Centro Oriente
   Cundinamarca   ;25;S?op'*ó !#  ;25758;111,0804892;27456;32;Región Centro Oriente
CUnd%inamarca   ;25; Subacho#que;25769;209,2172915;16183;41;Región Centro Oriente
CUndinamarca ;25;Su&'?esca   ;25772;173,0689862;17902;40;Región Centro Oriente
 Cundinamarca;25;Su&*pa'tá;25777;130,3896735;5361;46;Región Centro Oriente
Cund%inamarca;25; Su&sa ;25779;104,1545715;6769;40;Región Centro Oriente
 Cund%inamarca;25;   ?!Sutat*aus#a&   ;25781;64,85053814;6169;42;Región Centro Oriente
 Cund%inamarca ;25;T#*a'b&io;25785;75,19839528;22983;30;Región Centro Oriente
 Cundinamarca;25;T'au!#sa;25793;201,8664163;8354;46;Región Centro Oriente
 Cundinam>arca;25;Ten#a ;25797;51,43734552;10065;34;Región Centro Oriente
   Cundinam>arca   ;25;Tenjo!   ;25799;114,2360738;23052;34;Región Centro Oriente
 Cundinamarca;25;Tibacuy!&   ;25805;84,75227305;4477;41;Región Centro Oriente
CUnd%inamarca;25;T?ibir!&i'ta;25807;56,54739447;3207;44;Región Centro Oriente
Cund%inamarca ;25;T#?o&caima;25815;245,8345215;16136;40;Región Centro Oriente
 CUnd%inam>arca;25;Toc'a?nci#pá;25817;73,24008721;43020;28;Región Centro Oriente
 CUnd%inamarca ;25;Top*ai!#pí ;25823;143,7107923;4189;48;Región Centro Oriente
   Cund%inamarca;25; &'*U!bal?#á ;25839;522,4586244;7696;46;Región Centro Oriente
   Cundinam>arca   ;25;U!&#baque;25841;107,0907888;6875;40;Región Centro Oriente
CUnd%inamarca ;25;Villa   de ?  San   Diego   de   Ubate;25843;102,2768803;44802;29;Región Centro Oriente
Cundinam>arca ;25;U'ne ;25845;209,1282686;7144;43;Región Centro Oriente
   CUnd%inamarca   ;25;Ú*tic&'a ;25851;92,08432173;4324;43;Región Centro Oriente
CUnd%inamarca;25;Verg?a*&ra;25862;144,6507752;6975;43;Región Centro Oriente
CUnd%inam>arca ;25;Vianí ;25867;67,11837694;4497;42;Región Centro Oriente
 CUndinamarca ;25;V!il?lagó*m&ez #  ;25871;62,96892692;1783;47;Región Centro Oriente
Cundinamarca ;25;   V&ill?ap!inzón;25873;226,1599387;17796;42;Región Centro Oriente
Cund%inamarca ;25; #Vi'lle!*ta ;25875;140,8872261;27986;34;Región Centro Oriente
 Cundinam>arca;25;V&#i?otá ;25878;201,3298269;13508;40;Región Centro Oriente
   CUndinamarca   ;25; Ya#co'?pí;25885;956,7832746;12367;54;Región Centro Oriente
   CUnd%inamarca   ;25; ?Z#ipacón;25898;54,27038247;4836;38;Región Centro Oriente
 CUndinam>arca ;25; !Z&i#p?aquirá ;25899;194,8204343;138654;25;Región Centro Oriente
Chocó ;27;   Qu?'i#bdó!   ;27001;3507,122809;130042;47;Región Pacífico
Ch%ocó;27;Acan#&dí;27006;797,6375623;14085;58;Región Pacífico
 Cho>có;27;A&lt!#o B'audo ;27025;2050,416714;27982;56;Región Pacífico
   Chocó;27; ?  Atrato;27050;421,5666764;6145;53;Región Pacífico
Ch%o>có;27;   *#B'aga&!dó;27073;807,4542058;11149;56;Región Pacífico
Ch%ocó;27;  !& *Bahía   Solano   ;27075;895,2984709;10207;60;Región Pacífico
   Chocó;27;Bajo Ba#udó;27077;3479,254849;30263;65;Región Pacífico
 Cho>có;27; !'Boj#*?aya ;27099;3630,654586;12212;69;Región Pacífico
   Ch%ocó   ;27; El? #Cantón del San P!ablo;27135;380,495731;6210;54;Región Pacífico
Chocó ;27;Carmen   del   Da#ri?en;27150;3180,694579;18930;74;Región Pacífico
 Ch%o>có;27;Cé!?r*tegui ;27160;423,3540674;5705;51;Región Pacífico
   Chocó;27;  ' !Cond*oto;27205;467,7174048;12464;50;Región Pacífico
 Ch%ocó;27; El C'arme#n d!e Atrato;27245;830,180929;8197;53;Región Pacífico
   Chocó   ;27;El Litoral del Sa&!n Juan ;27250;4134,978955;22242;67;Región Pacífico
 Chocó ;27;Istmina *?'  ;27361;1879,966774;30739;57;Región Pacífico
 Ch%o>có;27;  ' Ju*radó;27372;1252,150646;6774;71;Región Pacífico
 Ch%o>có ;27;   'Llor!#ó   ;27413;842,9090489;9850;55;Región Pacífico
 Cho>có;27;Medio&!   At'ra?to   ;27425;1812,932901;10817;56;Región Pacífico
Ch%o>có ;27;Medio Bau?dó ;27430;1372,044411;15405;60;Región Pacífico
Cho>có   ;27;M'edio*   San   Juan;27450;660,5583617;10718;53;Región Pacífico
Ch%o>có   ;27;Nó'vita ?  ;27491;944,3319481;9116;59;Región Pacífico
Ch%ocó;27;N?u*q'uí;27495;704,0879448;16459;59;Región Pacífico
 Chocó;27;Rí&?o Iro;27580;325,1085898;5537;50;Región Pacífico
   Cho>có   ;27;Río *#'  Quito   ;27600;698,956779;8355;57;Región Pacífico
   Ch%ocó;27;  & Ri#o!sucio;27615;7607,55093;54458;73;Región Pacífico
   Chocó   ;27; San José del Palmar;27660;1582,209736;5015;66;Región Pacífico
Ch%o>có ;27;Si!*pí ;27745;1580,674255;3202;69;Región Pacífico
   Chocó;27;   T#'adó;27787;714,8282108;17925;51;Región Pacífico
Ch%ocó;27; !Un*guía ;27800;1190,321196;12821;58;Región Pacífico
 Cho>có;27;Unión Panameri&c*#?ana;27810;177,7598412;6909;47;Región Pacífico
   Hu%i>la   ;41;   Neiv&#?a*   ;41001;1269,827167;361049;32;Región Centro Sur
 Hu%i>la ;41;Ace*#?'vedo;41006;540,5168745;25046;47;Región Centro Sur
HU%ila;41; Agr?a*do;41013;273,7316483;8866;50;Región Centro Sur
HUila;41; A&'*!ipe;41016;795,630625;16361;50;Región Centro Sur
 HUila ;41;   &Alge!ciras;41020;589,688987;22498;48;Región Centro Sur
   HUila   ;41;A!lta?#&mira;41026;180,9755636;4323;54;Región Centro Sur
   HUila   ;41;Bar&ay*a ;41078;786,0020248;8282;57;Región Centro Sur
   HU%ila;41;   C&amp#oal*eg're;41132;462,7993378;31195;43;Región Centro Sur
 Hui>la ;41;Co&lombia?   ;41206;1584,969918;7136;60;Región Centro Sur
Hu%i>la   ;41;E*l!í'as;41244;80,4417432;4257;48;Región Centro Sur
HUila ;41;G&a?#rzón;41298;606,5211714;73292;40;Región Centro Sur
Hu%ila   ;41;Gig?ant*e ;41306;503,703102;24634;45;Región Centro Sur
 Huila ;41;G?ua*dalupe;41319;249,6073387;18104;44;Región Centro Sur
 Huila ;41;H?#obo;41349;194,2333981;7335;49;Región Centro Sur
HUila;41;I!?#'quira;41357;356,5154798;9291;50;Región Centro Sur
 Hu%i>la ;41; ?  Isn'os;41359;370,6565662;25463;44;Región Centro Sur
 Huila;41; ?La Ar&gentina ;41378;356,4211006;13021;49;Región Centro Sur
HUila ;41;L'&a Pl!at?*a ;41396;814,6509212;61735;44;Región Centro Sur
   Huila   ;41; Ná*'&taga;41483;131,9400305;6520;46;Región Centro Sur
HU%ila ;41; Opor#ap*a ;41503;155,8126072;11779;43;Región Centro Sur
Hu%ila;41;   P#a&icol;41518;278,3107608;6655;54;Región Centro Sur
 Huila;41;  *& P#'alermo;41524;884,2663648;26590;49;Región Centro Sur
Hui>la ;41;Pa#le?s*ti'na ;41530;178,2174557;11282;45;Región Centro Sur
HU%i>la;41;Pit?a&l ;41548;193,6600481;13851;44;Región Centro Sur
 Huila;41; 'Pit#&?a!lito;41551;630,6659366;126682;37;Región Centro Sur
Hui>la   ;41;R#i&ve?ra;41615;251,2301651;24757;46;Región Centro Sur
HU%ila;41; Saladob!la?nc&o ;41660;466,6449087;10502;52;Región Centro Sur
HUi>la;41;S?an& *  Agustín '  ;41668;1390,432191;33391;53;Región Centro Sur
Hu%ila;41;San!ta   María   ;41676;339,3795893;10422;49;Región Centro Sur
   HUi>la   ;41;Su?'az!a   ;41770;429,6671738;22342;50;Región Centro Sur
 Huila;41;  & Tarqui !  ;41791;362,8118363;17587;47;Región Centro Sur
Huila;41;Tes#a'*l!ia;41797;367,0253871;10815;52;Región Centro Sur
HUila;41;   Tel?lo#& '  ;41799;530,3993896;11775;51;Región Centro Sur
   Hu%i>la   ;41;Ter*uel;41801;471,7343537;8064;55;Región Centro Sur
Hui>la;41;Timan?á ;41807;185,7270854;21921;40;Región Centro Sur
   HUi>la;41;V?il#lavieja   ;41872;543,9269215;7247;55;Región Centro Sur
 HU%i>la;41;Yaguará ;41885;332,9153765;7774;51;Región Centro Sur
   La   GUajira   ;44;Rio*&h'ac!ha   ;44001;3088,710922;195747;44;Región Caribe
   La   Guajira;44;   Albania;44035;546,0265525;30848;48;Región Caribe
La   GUa>jira   ;44;Barr&'anca!?s ;44078;800,9417648;37170;49;Región Caribe
   La%   Guajira   ;44; * ! Dib?ula;44090;1749,978069;40051;55;Región Caribe
La%   Gua>jira;44;Dist?r!ac&ción ;44098;231,8728413;13706;45;Región Caribe
La GUaj>ira;44;El Mol*!i&no;44110;242,1848146;7574;49;Región Caribe
La% Guajira ;44;  ' F&onseca* ?  ;44279;473,5224162;43728;45;Región Caribe
 La GUa>jira ;44; 'Hat&on*uevo;44378;214,6399172;21151;43;Región Caribe
   La%   Guajira   ;44;La Jagua del Pi!'lar;44420;179,5907965;3686;54;Región Caribe
La %GUajira;44;Mai!c'*ao ;44430;1768,719812;178832;44;Región Caribe
La   Guajira;44; *  Mana?!u&re;44560;1619,655457;88881;48;Región Caribe
   La   Guajira   ;44;S!*an Juan d#el Cesar ;44650;1313,688361;48387;50;Región Caribe
   La   GUajira;44; *#'Uribia;44847;7886,058077;177815;57;Región Caribe
La GUa>jira;44;Ur'?u!mita   ;44855;246,2746095;11114;45;Región Caribe
 La GUajira;44;Vil!l*anu#eva;44874;260,0959366;28816;41;Región Caribe
   Magdal>ena   ;47;   S'an&ta?   Ma#rta;47001;2347,139289;521239;33;Región Caribe
   Magdalena   ;47;  ' Algarro?bo;47030;406,3883775;16194;49;Región Caribe
 Mag%dal>ena ;47; !*#  Aracataca;47053;1740,838478;40726;50;Región Caribe
Mag%dal>ena ;47;A!rig'&uan?í ;47058;1131,744238;31077;50;Región Caribe
Magdalena ;47;Cerro San An*t#o!nio;47161;177,1961316;9885;44;Región Caribe
Magdal>ena;47;Ch'i*volo ;47170;536,5437406;22715;49;Región Caribe
Magdalena   ;47; #  Cién&aga   ;47189;1324,777269;122285;39;Región Caribe
   Magdalena;47;Con&?cordi!a '  ;47205;109,483706;10908;40;Región Caribe
Magdalena ;47; ?El! Banco;47245;814,8733309;67811;45;Región Caribe
 Magdal>ena;47; ?#El Pi'ño&n ;47258;557,1423771;23400;48;Región Caribe
Magdal>ena ;47;El# R?et!én;47268;262,1822769;20455;40;Región Caribe
Magdalena;47;Fu!nd&ac*ión;47288;971,901235;68681;42;Región Caribe
 Magdalena ;47;Gu?#am'al;47318;564,4924171;27345;47;Región Caribe
Mag%dalena;47;   N*uev!a&   Granada#   ;47460;842,0509564;20485;53;Región Caribe
Magdalena;47; !#?  Pedra'za   ;47541;325,4799447;9225;50;Región Caribe
 Magdal>ena;47;Pijiño   *del   Ca'rm&en;47545;661,564154;12548;52;Región Caribe
Magdalena ;47;Pi#v!i?'*&jay ;47551;1640,444454;38203;50;Región Caribe
Magdalena ;47;  * P&l!?'ato;47555;1457,338277;63026;48;Región Caribe
 Magdal>ena;47;Pue#bl&o Vie'jo;47570;675,4686403;31151;45;Región Caribe
Mag%dal>ena;47;R#emoli&no;47605;594,9312005;11702;52;Región Caribe
 Magdalena;47;   Sabanas   d*e   San   Angel;47660;1238,967174;16247;56;Región Caribe
 Magdalena;47;  ? #Sala'mina;47675;170,4786412;11043;43;Región Caribe
 Magdalena;47; San Sebastián de Buenavist!a ;47692;437,6455684;20171;48;Región Caribe
   Magdal>ena;47;   San  #? Z'enón;47703;268,8830035;12104;49;Región Caribe
 Mag%dal>ena;47; San!ta A&'na;47707;1120,437342;25750;52;Región Caribe
 Magdalena;47;   Santa !  Bárb?*ara   de   Pinto   ;47720;494,7041928;10977;51;Región Caribe
 Mag%dalena ;47;   Sitio&nue?vo;47745;970,9046452;28254;47;Región Caribe
Magdalena   ;47;Tene&rife;47798;492,1992574;13354;50;Región Caribe
Magdalena;47;   'Zap?ayán   ;47960;353,276259;10293;50;Región Caribe
Magdalena;47;Z&ona !Banane*?#ra;47980;446,462118;71578;35;Región Caribe
   Meta   ;50; Vil'la!v*ice&ncio ;50001;1285,879354;538824;30;Región Llano
   Meta;50;Acaci*as ;50006;1123,737929;90124;43;Región Llano
Me>ta;50; Ba'rranca de Upía ;50110;403,8188631;6513;60;Región Llano
M%eta   ;50;  & C#ab?*'!uyaro;50124;913,6625093;6130;65;Región Llano
Meta;50;   Castilla '!  l*a   Nue?va   ;50150;514,6859666;15186;54;Región Llano
 M%eta ;50; Cub?*&!arral ;50223;1157,865246;7019;62;Región Llano
   Meta;50;  ' C?umaral;50226;625,0924459;23014;49;Región Llano
   M%eta;50;   ?El   Cal#vario;50245;277,8516476;1696;56;Región Llano
Me>ta ;50;El&  ' Castillo   ;50251;568,2180556;7619;55;Región Llano
M%eta;50;  ! El   Dorado ?  ;50270;117,3410834;3932;48;Región Llano
   Meta   ;50; F'uente !de ?#Oro;50287;570,9912177;12266;53;Región Llano
   M%e>ta;50;   Gra'#nada *  ;50313;348,3117876;69770;36;Región Llano
Me>ta;50;Gua&?'mal;50318;595,7039183;14298;52;Región Llano
Meta   ;50;Ma!?#piripán;50325;11949,0284;7086;78;Región Llano
   Meta;50;   Mes!e&tas;50330;2280,62999;10706;64;Región Llano
   M%eta   ;50;La   Maca?re'n!a   ;50350;10839,33393;27534;72;Región Llano
M%eta ;50;U#r&*?ibe;50370;6437,208689;9388;71;Región Llano
Meta   ;50;Lej&#anías   ;50400;815,4263346;11256;56;Región Llano
   M%eta   ;50;Puer?to   C!o'ncordia;50450;1242,935517;8484;59;Región Llano
Meta   ;50;   Puerto   G'a!i?tán;50568;17250,08317;42677;78;Región Llano
 Met>a;50;Puerto*!   Lóp&ez;50573;6913,346576;30301;65;Región Llano
 M%e>ta;50;P'u!#er?to   Lleras;50577;2535,77421;10359;66;Región Llano
Meta   ;50;Pu!erto *  Rico;50590;3428,13357;12918;65;Región Llano
   M%eta   ;50;Rest'?&repo;50606;365,11661;18474;48;Región Llano
Me>ta;50;San   Carlos!   de   Guaroa;50680;807,794797;12598;59;Región Llano
Met>a;50;San Jua'n de! Arama ;50683;1169,1046;8948;60;Región Llano
   Meta;50;   S'an#   Juanito   ;50686;237,3508522;1266;57;Región Llano
Meta   ;50;S*an   Mart?ín;50689;5933,652355;26571;67;Región Llano
M%e>ta ;50;Vis*?t!a #  Hermosa   ;50711;4819,210108;17168;66;Región Llano
   Na%riño   ;52; P?as*t!o ;52001;1099,411434;392748;32;Región Pacífico
 Nariño ;52; Al*bán;52019;38,61008739;9443;30;Región Pacífico
 Nariño ;52;Al'dana;52022;47,64054844;7375;40;Región Pacífico
   Na%r>iño;52;An'c&u!#yá;52036;68,90636196;8678;40;Región Pacífico
Nariño   ;52; &Arboled*a ;52051;60,18576464;8431;40;Región Pacífico
Nariño;52;Barbaco'as;52079;2732,933276;56195;60;Región Pacífico
Nariño ;52; #& ? Be!'l*én;52083;41,84540565;6311;39;Región Pacífico
Na%riño ;52;Bues*a#co;52110;635,9608327;23909;48;Región Pacífico
 Na%riño;52; !C&ol?'#ón ;52203;61,75052927;8403;38;Región Pacífico
 Nari>ño;52;   Con?sac#a&   ;52207;119,3536359;13761;43;Región Pacífico
   Nari>ño   ;52;C*on?t&a#dero;52210;43,20904594;7252;39;Región Pacífico
   Nariño;52; C?ó!rd&oba ;52215;304,6344614;15496;49;Región Pacífico
 Na%ri>ño ;52;Cua!sp&ud ;52224;57,11859178;9199;40;Región Pacífico
   Nari>ño   ;52;Cumb!*al;52227;915,3276415;36975;52;Región Pacífico
   Nari>ño;52;  ? Cumbit&ara!   ;52233;355,166977;5843;51;Región Pacífico
Nariño ;52;   Chac*?hagüí   ;52240;146,2717611;15328;43;Región Pacífico
 Nariño;52; !  El   Charco   ;52250;2490,669325;22528;60;Región Pacífico
Nariño ;52; El ?Pe!ñol;52254;119,8574443;7443;46;Región Pacífico
Na%riño   ;52;El Ro?sa'r&#io;52256;520,2915503;12169;54;Región Pacífico
 Nari>ño ;52;El ?  Tablón !  de   Gómez;52258;306,9026105;14296;48;Región Pacífico
 Nariño ;52;El ?  *Tambo   ;52260;247,3527344;13986;46;Región Pacífico
Nariño;52;   Fune*s   ;52287;394,7623566;7168;55;Región Pacífico
Nariño ;52;   G!uach#uc'al;52317;155,6668965;19387;42;Región Pacífico
   Nariño   ;52;   Guaitar*?il'#&la;52320;116,7397824;11422;41;Región Pacífico
 Na%r>iño;52; Gua#lma*tán;52323;29,96186568;7049;37;Región Pacífico
Nariño;52;   I#'l*&?es;52352;80,53153841;7646;42;Región Pacífico
Nariño;52; #*  Imu'és;52354;81,72986498;7530;43;Región Pacífico
 Nari>ño;52;I?&pi!'al#es;52356;1571,751755;115992;45;Región Pacífico
Na%riño ;52; L?&a !C'ruz;52378;238,8463192;18697;44;Región Pacífico
 Nari>ño ;52;La  ! F*lorida   ;52381;136,3129203;9985;43;Región Pacífico
Na%ri>ño ;52;La   Llana*d?a'   ;52385;244,9982839;6481;53;Región Pacífico
 Nari>ño;52;   La&   !Tol?a'   ;52390;415,9090478;7441;54;Región Pacífico
Nariño   ;52;La# Uni?ón ;52399;142,1523773;31803;37;Región Pacífico
 Na%riño ;52; Leiv&a ;52405;310,4204458;9653;49;Región Pacífico
Na%ri>ño;52;Lin#a*res;52411;135,6634468;10098;43;Región Pacífico
   Na%riño;52;Los An*de!&'s ;52418;956,8695381;9376;56;Región Pacífico
   Na%riño   ;52; '&Mag#üí ;52427;1808,095799;25214;61;Región Pacífico
Na%riño;52;Mal#l?am*'a ;52435;569,0454535;8960;57;Región Pacífico
 Nariño ;52;M*os#qu&?era ;52473;768,0522291;12283;57;Región Pacífico
Nariño ;52;Na#?riño;52480;25,3128147;4355;43;Región Pacífico
Nari>ño;52;Ol&aya He!?rr#era;52490;1003,117446;25282;52;Región Pacífico
   Nariño;52;Ospi#na;52506;64,8432117;7039;41;Región Pacífico
 Nariño;52; Fran'cisco P!?izarro ;52520;525,1840159;14176;55;Región Pacífico
   Nari>ño   ;52;P&oli#car?pa;52540;434,3413094;9827;51;Región Pacífico
Nari>ño;52;Po&t#o!sí   ;52560;388,2995576;10197;50;Región Pacífico
   Nariño;52;Provid?enc&ia;52565;39,94762088;5562;35;Región Pacífico
Na%riño   ;52;   P#uerres;52573;350,1439761;8450;53;Región Pacífico
Nariño;52;Pu'p&ia*l#es;52585;129,6597984;17334;40;Región Pacífico
Nariño ;52;Ric#?&aur'*te ;52612;1055,732781;19885;58;Región Pacífico
 Nari>ño;52; R&*ober#to P'ayán;52621;1457,715943;12681;59;Región Pacífico
Nariño;52;Saman?#ie*go '  ;52678;605,0439449;28380;44;Región Pacífico
   Nariño;52;Sa!n'doná;52683;101,6125143;20184;35;Región Pacífico
   Na%ri>ño   ;52;   San   '&Bern!a#rdo;52685;65,16451439;9186;35;Región Pacífico
 Nariño;52;   San  &' Lo!*re?nzo   ;52687;249,1435892;18435;44;Región Pacífico
Nari>ño;52;   S*an   Pa#bl!o   ;52693;111,8596439;15034;38;Región Pacífico
Na%ri>ño;52;San   'Pedro   de   Cartag*o   ;52694;55,64727657;6831;40;Región Pacífico
 Nariño;52;Santa   Bárba!ra;52696;1224,575606;13331;58;Región Pacífico
   Na%riño;52; !  Santacruz   ;52699;540,6326139;10939;50;Región Pacífico
   Nariño;52;   'Sap#uyes   ;52720;115,5485107;7277;46;Región Pacífico
Nari>ño ;52; Tamina'ngo;52786;234,657835;17866;44;Región Pacífico
Nariño   ;52; '  Tan#?g!ua;52788;217,9597661;13397;47;Región Pacífico
Nari>ño;52;  * San   Andrés   !de  # Tumaco   ;52835;3611,510833;255783;30;Región Pacífico
Na%riño;52; Túqu#e!rres;52838;216,2723493;44650;37;Región Pacífico
   Nariño   ;52;Ya*cuanquer;52885;102,7351562;10946;42;Región Pacífico
Norte   de   San>tander;54;C&!úc'uta;54001;1133,525946;749197;29;Región Centro Oriente
Norte de San>tander ;54; Abrego;54003;1382,449756;33003;52;Región Centro Oriente
 Norte% de San>tander;54;A'r&bo?l*ed#as;54051;456,1489886;9860;53;Región Centro Oriente
Norte de Santander ;54;Bochal'?e!#ma;54099;170,2670443;8529;48;Región Centro Oriente
   Norte   de   Santander;54;Bucaras'i?c*!a ;54109;270,7908591;6472;55;Región Centro Oriente
Norte de Santander;54;Cá?co*!#ta;54125;138,9221902;2855;53;Región Centro Oriente
 Norte% de Santander ;54; C!'achir#á ;54128;615,8199047;11096;54;Región Centro Oriente
Norte   de   San>tander   ;54; C?h*inácot'a ;54172;166,2541388;18176;42;Región Centro Oriente
Norte   de   San>tander;54;   Chitagá   ;54174;1185,178041;12042;59;Región Centro Oriente
   Norte   de   San>tander   ;54;Con!v*e&n?ción;54206;931,9213559;19131;55;Región Centro Oriente
   Norte   de   Santander;54;C#uc!utilla ;54223;374,9105455;8307;52;Región Centro Oriente
Norte   de   San>tander;54;Dur'an*?ia;54239;175,0128162;4693;52;Región Centro Oriente
 Norte de San>tander ;54;El C&arm'e?*n ;54245;1727,742958;13648;60;Región Centro Oriente
 Norte de Santander ;54;E*l ?Tarr#a ;54250;704,1002866;21145;57;Región Centro Oriente
 Norte de Santander ;54; E&?l Zulia;54261;505,3040973;28240;48;Región Centro Oriente
Norte   de   San>tander;54; Gr?a!malote ;54313;149,0239078;7524;48;Región Centro Oriente
Norte de Santander ;54;H&a?#c'arí ;54344;419,0049342;10342;53;Región Centro Oriente
Norte% de Santander;54; 'He#rrán ;54347;106,9580248;7087;48;Región Centro Oriente
   Norte   de   Santander;54;Labateca?   ;54377;256,0397861;6443;52;Región Centro Oriente
Norte   de   Santander;54;La   E*spera#nza   ;54385;669,8994397;11941;54;Región Centro Oriente
Norte de Santander ;54; *  L!a   Playa;54398;242,2146673;7821;50;Región Centro Oriente
Norte   de   San>tander;54;Los P&at'?ios;54405;127,5881331;93754;28;Región Centro Oriente
Norte% de Santander;54;Lou!&r#d?es;54418;86,58733641;4091;48;Región Centro Oriente
Norte   de   Santander   ;54;Mu!tiscua   ;54480;158,8096749;4373;51;Región Centro Oriente
 Norte de Santander;54;O'c#aña;54498;522,5999579;124603;36;Región Centro Oriente
   Norte   de   Santander   ;54; 'Pa?mp!lona ;54518;298,2940905;52240;36;Región Centro Oriente
 Norte de Santander;54; Pamplon&ita;54520;170,9308944;5628;50;Región Centro Oriente
 Norte de Santander;54;Puerto   Santand&e'r   ;54553;44,94540103;8938;37;Región Centro Oriente
   Norte   de   San>tander   ;54;   Ra*g!onvalia;54599;97,72577789;6149;44;Región Centro Oriente
 Norte% de Sa>ntander ;54; S!a&l*azar ;54660;493,9100895;10501;54;Región Centro Oriente
Norte%   de   Santander   ;54;San   &Calixt#o   ;54670;398,0219526;12127;51;Región Centro Oriente
 Norte de Santander ;54;San   Cayetano !  ;54673;139,2816488;7442;49;Región Centro Oriente
Norte de Santander ;54;Sa&n*tiag'o ;54680;172,5381884;3537;56;Región Centro Oriente
   Norte%   de   Santander   ;54;Sa!rd'&inata ;54720;1467,70683;26100;56;Región Centro Oriente
 Norte de San>tander ;54; Silo#?s ;54743;316,8554077;6380;54;Región Centro Oriente
   Norte   de   San>tander;54; Teora*ma;54800;927,0539563;17040;55;Región Centro Oriente
 Norte de San>tander;54;   #Ti&'bú;54810;2680,072915;56510;58;Región Centro Oriente
Norte de Santander ;54;Tol*edo   ;54820;1480,665029;15937;58;Región Centro Oriente
Norte de San>tander ;54;   ?Vill*a   Caro   ;54871;401,0584517;5172;57;Región Centro Oriente
Norte% de Sa>ntander ;54;Vil!la del Rosario;54874;90,61902907;107288;25;Región Centro Oriente
QU%indío;63; Ar!me#n?ia ;63001;121,6174162;300194;13;Región Eje Cafetero 
QU%indío;63;   Buen&'a*vista   ;63111;38,45809947;3107;39;Región Eje Cafetero 
   Quindío;63;C'a!larcá ;63130;220,8362899;73872;28;Región Eje Cafetero 
Qu%indío   ;63;Circ#as'ia;63190;90,32288746;28631;29;Región Eje Cafetero 
 Quind>ío ;63;C#órdoba?   ;63212;92,97624817;5687;42;Región Eje Cafetero 
   QUindío;63; Filan#dia;63272;106,5620098;12154;35;Región Eje Cafetero 
   Qu%in>dío;63; #Génova ;63302;294,9377186;7455;46;Región Eje Cafetero 
 QU%indío ;63; La? Tebaida ;63401;89,37974557;34172;27;Región Eje Cafetero 
 Qu%indío;63;Mo'nt*enegro ;63470;149,0575123;37127;30;Región Eje Cafetero 
 QU%indío ;63; !P?i#jao;63548;248,5826167;5146;48;Región Eje Cafetero 
   QUind>ío   ;63;Q#uimba?ya;63594;133,520354;30911;30;Región Eje Cafetero 
   QU%indío   ;63;S*al?'e#nto;63690;347,3199486;9399;49;Región Eje Cafetero 
 Ris%ar>alda ;66; Perei?ra ;66001;608,1659906;472406;21;Región Eje Cafetero 
Ris%ar>alda ;66;Ap&?#ía;66045;149,9805114;12276;37;Región Eje Cafetero 
   Ris%aralda;66;B?al*bo&!a#   ;66075;119,4859849;6348;43;Región Eje Cafetero 
 Ris%aralda;66; Belén de Umbría;66088;180,6004387;24660;34;Región Eje Cafetero 
Ris%aralda   ;66;Dosq#ue?br'ad&as   ;66170;70,12886684;220771;12;Región Eje Cafetero 
 Risaralda;66;   Guáti?ca! *'  ;66318;100,8206391;12108;34;Región Eje Cafetero 
 Ris%ara>lda;66;La  ! #&C*elia;66383;92,47366148;7448;39;Región Eje Cafetero 
   Ris%aralda   ;66; #  La   Vi!r?gin'&ia;66400;32,80121313;27916;20;Región Eje Cafetero 
Ris%aralda;66;   *M#ars?ella   ;66440;149,3191374;16782;34;Región Eje Cafetero 
Ris%aralda ;66;   Mi&#?strató;66456;564,7434802;17110;49;Región Eje Cafetero 
Risaralda ;66;Pu&'!eblo   R*ico #  ;66572;613,7678132;16309;51;Región Eje Cafetero 
 Ris%aralda ;66;Qu!?&inchí#a   ;66594;140,1300619;27235;32;Región Eje Cafetero 
Ris%aralda;66;Santa Rosa 'de Ca&bal;66682;543,4926296;78636;35;Región Eje Cafetero 
Risaralda;66; ?Santu*!#ario;66687;190,8640237;12506;40;Región Eje Cafetero 
Santan>der;68; Buca&*?!ra#manga;68001;152,9156861;595635;11;Región Centro Oriente
Santander;68;   ?Aguad#*a !&  ;68013;75,23124792;1858;48;Región Centro Oriente
San%tander   ;68;Al!#'ban?ia ;68020;166,216966;4242;51;Región Centro Oriente
Santander   ;68;   Ar?atoc!a&   ;68051;169,7915518;8368;45;Región Centro Oriente
 Santander ;68; ?Ba#rbosa;68077;46,66488698;31940;27;Región Centro Oriente
 Santander ;68;Baric'har*&a ;68079;137,2758117;10674;44;Región Centro Oriente
Santan>der;68; Ba?rrancaberme'ja;68081;1326,838302;207494;36;Región Centro Oriente
 Santander ;68; !# & Betulia;68092;431,2487087;6003;55;Región Centro Oriente
   San%ta>nder;68;Bo&lív'ar;68101;1010,125861;11073;56;Región Centro Oriente
Santander ;68; !Ca'br&e#ra;68121;65,57430937;1983;49;Región Centro Oriente
 San%ta>nder;68;Ca#l!iforn?ia   ;68132;45,01345975;2186;47;Región Centro Oriente
Santan>der;68;Capita'n#e!&?jo;68147;85,28406397;5479;42;Región Centro Oriente
   San%tan>der;68;C&a#!rcasí ;68152;258,9461516;4263;53;Región Centro Oriente
   San%tan>der;68;  ? Cep!itá   ;68160;107,967109;2018;52;Región Centro Oriente
   San%tan>der;68; * !?& 'Cerrito;68162;421,0814425;6838;55;Región Centro Oriente
 Santander;68;Ch'aralá #?  ;68167;419,2313506;12256;50;Región Centro Oriente
Santander;68;Char&ta;68169;126,7062504;2883;50;Región Centro Oriente
Santander ;68;Chi#'má ;68176;173,2190221;2865;53;Región Centro Oriente
San%ta>nder   ;68;Chipat?#'á   ;68179;94,93681903;5084;45;Región Centro Oriente
San%tander   ;68; *Cimi&t?!ar#ra;68190;3174,288539;33750;58;Región Centro Oriente
   Santan>der;68;Conc'e#p!ción;68207;337,1199181;5738;54;Región Centro Oriente
Santander   ;68; Co#&n!f?in*es ;68209;71,42170043;3233;48;Región Centro Oriente
San%ta>nder ;68;Con!tratación;68211;137,1720765;3683;50;Región Centro Oriente
San%tan>der;68; C?o*r&omoro;68217;577,495746;5009;56;Región Centro Oriente
 San%tander;68;C!uri&'#tí;68229;244,222737;13028;46;Región Centro Oriente
Santander;68; E?'l Carm*en! de Chu&curí;68235;924,0326235;21415;52;Región Centro Oriente
San%tander   ;68;El ?G!&uac*amayo;68245;92,96763011;2119;52;Región Centro Oriente
San%tander   ;68;E#l  ! Pe'ñó&n   ;68250;398,2177466;5405;56;Región Centro Oriente
San%tander;68;   El  * Pl'ayón !  ;68255;454,9819209;13882;49;Región Centro Oriente
 Santander;68;  * E#nci&no;68264;400,4326914;2567;61;Región Centro Oriente
Santan>der ;68; # * E!nci?so;68266;74,81603233;3444;45;Región Centro Oriente
 San%ta>nder ;68; Flori#án;68271;176,5996551;5569;49;Región Centro Oriente
   Santander   ;68;Fl!oridabl*anca;68276;100,3277391;300730;14;Región Centro Oriente
Santander;68;  * ?'Ga&lán;68296;201,7315756;2883;54;Región Centro Oriente
San%tander ;68;Ga'!mb?it#a ;68298;608,2330662;4008;59;Región Centro Oriente
   San%tan>der;68;Giró?#n   ;68307;493,0298875;166843;31;Región Centro Oriente
San%ta>nder   ;68;Gu?ac!*a ;68318;302,3982638;5900;51;Región Centro Oriente
   Santan>der;68;Gua'd&?alu!pe ;68320;146,3307094;4473;48;Región Centro Oriente
   Santan>der;68; Guapo!?tá ;68322;67,30036397;2394;49;Región Centro Oriente
San%tan>der   ;68; ?  Guavatá   ;68324;83,79545511;4200;45;Región Centro Oriente
San%tander;68;G*?ü#e'psa;68327;30,15674861;5222;38;Región Centro Oriente
Santan>der;68;H'a*!to ;68344;169,0175723;2349;55;Región Centro Oriente
San%tander ;68; *  Jesús   María;68368;89,59308517;3337;50;Región Centro Oriente
Santan>der;68; J!ordá#n ;68370;39,89917751;1325;49;Región Centro Oriente
San%tander ;68; La Be!*l#leza;68377;335,2015817;6174;52;Región Centro Oriente
Santan>der;68;L&#a?'ndázuri   ;68385;590,2163864;10482;51;Región Centro Oriente
   Santan>der;68;La  !& Paz;68397;284,3469721;4921;52;Región Centro Oriente
 Santander;68; Leb!r&íja;68406;550,4332373;43145;43;Región Centro Oriente
   San%tander;68;Los Sa!&*ntos;68418;290,1251884;14485;47;Región Centro Oriente
San%tander;68; Ma#ca*!r'avita ;68425;102,9175082;2125;51;Región Centro Oriente
   San%tander   ;68;Mál!'?#aga;68432;57,18169557;21339;31;Región Centro Oriente
   Santander;68; M!'atan*z#a ;68444;235,7485679;4999;44;Región Centro Oriente
   Santander   ;68;M!?*ogot#es   ;68464;483,9701273;10576;51;Región Centro Oriente
 San%tan>der ;68;  ? Mo!#laga*v'ita;68468;180,471702;4105;49;Región Centro Oriente
San%tander;68; Ocam#ont&e ;68498;75,22127909;5740;43;Región Centro Oriente
San%tander;68;Oi#&ba;68500;286,0667477;11004;47;Región Centro Oriente
   Santander   ;68; Onzaga ;68502;489,2284369;4111;57;Región Centro Oriente
   Santan>der   ;68;   Pal#*m&!ar;68522;19,69444169;1386;37;Región Centro Oriente
   Santan>der;68; !  P'almas   del*   Socor#ro;68524;58,54111972;2584;47;Región Centro Oriente
 Santan>der;68;P?!áramo ;68533;72,9811189;4773;45;Región Centro Oriente
San%tan>der;68;Pie#?dec!ues*ta;68547;484,5723092;177586;32;Región Centro Oriente
Santan>der;68;Pinchote*   ;68549;55,53541904;5285;42;Región Centro Oriente
San%tander   ;68; 'Puent?e Nacio#nal ;68572;251,6785482;14740;45;Región Centro Oriente
Santander;68; &Puerto Par?ra;68573;762,3446007;7846;59;Región Centro Oriente
Santander   ;68;P*#!uerto '  Wilches;68575;1507,986246;33572;53;Región Centro Oriente
   San%tander   ;68;R&ioneg*ro;68615;1168,432223;26746;51;Región Centro Oriente
   San%tander   ;68;   Saban&a  ? de   T!orres;68655;1402,870009;33887;55;Región Centro Oriente
   Santan>der   ;68;San!?# *  'Andrés;68669;281,5588552;8613;48;Región Centro Oriente
Santan>der ;68; San 'Ben!ito;68673;59,11302218;2957;43;Región Centro Oriente
 Santan>der;68;  & #San?   Gil   ;68679;146,8772741;58032;31;Región Centro Oriente
 Santander;68;   !San  & Joaquín;68682;143,133427;2215;53;Región Centro Oriente
   Santander   ;68;Sa&n   José'   de   Mi?randa;68684;75,30374323;4313;44;Región Centro Oriente
 Santan>der ;68;San *  Migue!l   ;68686;71,21134788;2494;48;Región Centro Oriente
San%tander ;68;San   Vi?ce!&nte   de   Ch*ucurí   ;68689;1116,360605;33414;49;Región Centro Oriente
 Santan>der ;68; Santa B'?árbara ;68705;221,2170944;2425;55;Región Centro Oriente
 San%ta>nder ;68;Santa   !Helena'   ?de*l   Opón;68720;373,8572625;3393;57;Región Centro Oriente
Santan>der ;68;   #Simac!ota;68745;904,7129549;10138;58;Región Centro Oriente
Santander   ;68;  !?' Soc*orro;68755;127,8258349;32965;34;Región Centro Oriente
Santan>der ;68;Suai&t#a ;68770;285,195534;10086;48;Región Centro Oriente
San%tander   ;68;Su*c#re;68773;522,5392008;7103;54;Región Centro Oriente
San%tander   ;68;Sur'at?á #  ;68780;363,0087743;3977;58;Región Centro Oriente
   Santan>der;68; To#*!na;68820;330,7262837;7562;52;Región Centro Oriente
   Santan>der   ;68;Valle de San José;68855;81,11493889;6222;43;Región Centro Oriente
Santan>der;68;V#é'l&ez;68861;447,6767281;24843;47;Región Centro Oriente
San%tander ;68;Ve!&t#as' *  ;68867;92,42238639;2142;50;Región Centro Oriente
Santan>der;68;   Vi!l#?lan&uev'a   ;68872;97,60691327;7927;42;Región Centro Oriente
Santan>der;68;Z'&*apatoca ;68895;364,4185511;9507;49;Región Centro Oriente
   Su%c>re   ;70;Sin?cele&#!jo;70001;279,9729454;286635;23;Región Caribe
 SUc>re;70;   Bu#enavista;70110;146,4980959;10727;42;Región Caribe
 SU%c>re;70; C'ai!&?mito;70124;412,4698071;15668;51;Región Caribe
   Sucre   ;70; C'!o?loso ;70204;131,1626924;8670;45;Región Caribe
 SUcre ;70;   *Co!rozal;70215;285,8944607;69268;34;Región Caribe
   Su%cre   ;70;C!o*ve'&ñas;70221;56,55515347;18892;33;Región Caribe
SUcre;70; Ch'al?án ;70230;83,71001483;4537;45;Región Caribe
   SUc>re   ;70;El!& Ro*'ble ;70233;198,434402;10215;46;Región Caribe
SUcre   ;70;Ga!leras;70235;321,856426;22673;44;Región Caribe
Sucre;70;Guar?anda ;70265;361,8676371;18198;48;Región Caribe
 Suc>re;70;La Un#*ió&n ;70400;232,3503947;12701;47;Región Caribe
SU%cre ;70;   Lo*s #  Palm&ito?s   ;70418;198,8844424;23420;40;Región Caribe
SUc>re ;70; M#ajagual;70429;845,158612;37564;50;Región Caribe
 Sucre;70; &Mor?roa ;70473;170,014897;15495;42;Región Caribe
   Sucre;70;  ' Ov#ejas;70508;460,048362;23148;45;Región Caribe
   Sucre   ;70;   Pal?mito   ;70523;174,5701954;14635;43;Región Caribe
SUc>re;70; &S!am?pués ;70670;213,9377007;47746;35;Región Caribe
Su%cre;70; San Be'nito Abad;70678;1494,162956;29282;55;Región Caribe
   SUcre   ;70;Sa&n Juan d#e Bet!ulia ;70702;168,1755724;13892;42;Región Caribe
Suc>re;70; S!&an Marcos ;70708;970,3548121;59254;46;Región Caribe
 Su%c>re;70;Sa&#?!n O'nof*re;70713;1035,078993;50423;45;Región Caribe
SUcre;70; Sa#n' Pedro ;70717;212,9948174;18920;41;Región Caribe
   Su%cre;70;San  ?* L&uis#   de   Sincé '  ;70742;418,9797698;31365;43;Región Caribe
SUcre ;70;Su?cre& #  ;70771;1131,180193;30253;53;Región Caribe
   SU%cre   ;70;Sant*iago de!? Tolú ;70820;302,5166919;33553;40;Región Caribe
   Su%cre   ;70; T!o&lú Viejo;70823;285,0158913;21850;42;Región Caribe
 Tolima ;73;   I&*bagué;73001;1377,251377;536087;27;Región Centro Sur
To%lima   ;73;A&l#pujar?ra;73024;501,5113202;4493;57;Región Centro Sur
 Tolima ;73;Alva#r!ad?o *  ;73026;344,3355926;8710;48;Región Centro Sur
   Toli>ma   ;73;A&mb'alema ;73030;238,0448379;6596;47;Región Centro Sur
 Toli>ma ;73;Anzo'á!te#gui ;73043;469,7113254;10110;46;Región Centro Sur
To%l>ima   ;73; A&r#me?ro;73055;440,6308436;12335;48;Región Centro Sur
   Tolima;73;At!a&co?   ;73067;1017,644437;19195;51;Región Centro Sur
 Tolima;73;Caj*am#arca ?  ;73124;508,4909108;18443;45;Región Centro Sur
Tolima;73;Carmen   'de   Apicala;73148;190,8361306;10306;45;Región Centro Sur
To%li>ma;73; C*#asab!ianca;73152;175,2961792;6326;45;Región Centro Sur
 To%l>ima ;73;Chap!a?#rral;73168;2102,063236;50565;50;Región Centro Sur
   Toli>ma;73;Coel?!lo;73200;343,5981061;8286;48;Región Centro Sur
 To%l>ima ;73;Coy&'ai!?ma;73217;669,055687;22610;46;Región Centro Sur
Tolima;73; C!'?unday;73226;507,5152826;8518;51;Región Centro Sur
Toli>ma   ;73; D&ol!*or#?es ;73236;651,9503995;8250;54;Región Centro Sur
   To%lima   ;73;Esp!i#nal;73268;216,4989458;70769;28;Región Centro Sur
Tolima ;73;Fala#?n!   ;73270;181,3222134;7494;44;Región Centro Sur
   Toli>ma   ;73; &'Fla?ndes ;73275;96,79717451;28510;30;Región Centro Sur
   Tolima   ;73;F#re*'s!no;73283;219,6614792;31124;36;Región Centro Sur
Toli>ma;73;Guam?#o ;73319;505,7438271;32826;41;Región Centro Sur
   Toli>ma   ;73;He#rv'eo ;73347;322,7434335;7266;48;Región Centro Sur
   Tolima   ;73; ! #* Honda;73349;304,8869123;24585;40;Región Centro Sur
Tolima;73;I'c?o*&non!zo   ;73352;215,1818551;11891;42;Región Centro Sur
To%lima;73;L#*ér!?ida;73408;271,9544764;18598;41;Región Centro Sur
   Tolima;73;L#í&bano;73411;282,3726119;36432;35;Región Centro Sur
Tolima ;73;Ma#ri*quita   ;73443;293,3431542;38084;38;Región Centro Sur
 Tolima;73;M#el!gar;73449;202,160428;37191;34;Región Centro Sur
   Tolima   ;73;Muril#lo ;73461;423,9321767;4129;54;Región Centro Sur
To%lima ;73; Nat#&aga*ima;73483;859,8300248;14722;50;Región Centro Sur
To%li>ma ;73;Ortega ;73504;953,8043246;34453;47;Región Centro Sur
Tolima;73;   Paloc&abil?do !  ;73520;65,01112946;9773;36;Región Centro Sur
   Toli>ma   ;73;Piedr?as   ;73547;354,4253202;6737;53;Región Centro Sur
 To%lima ;73; 'Plan*&adas;73555;1754,101831;25785;53;Región Centro Sur
 Toli>ma ;73;Pr#ado& !'  ;73563;423,0130028;8443;51;Región Centro Sur
   Tolima   ;73;Puri?#ficación;73585;402,2048078;23527;42;Región Centro Sur
 Tolima ;73; Rio Bl!a*nc?o ;73616;2046,233792;22660;54;Región Centro Sur
To%li>ma;73; &  Ronces*valles #  ;73622;775,8495286;5467;58;Región Centro Sur
 Tolima ;73; ?  Rovira   ;73624;739,4761953;21556;48;Región Centro Sur
   Tolima;73;Saldaña ;73671;193,2267806;14450;41;Región Centro Sur
Toli>ma ;73;San !Antonio;73675;383,4069699;12691;46;Región Centro Sur
To%l>ima;73;   San   Lui*s! &  ;73678;412,2262269;13481;44;Región Centro Sur
 Toli>ma;73;  ! Santa  * Isab'el;73686;270,1866407;5710;49;Región Centro Sur
 To%li>ma ;73; #S?!uárez ;73770;190,0781867;3788;49;Región Centro Sur
Toli>ma   ;73;   Valle  * de   San   Juan;73854;197,8464077;5353;47;Región Centro Sur
To%lima ;73; 'V&enadillo;73861;334,632757;12751;43;Región Centro Sur
   To%li>ma   ;73; ?  Villahe!rmosa;73870;278,8499413;9216;45;Región Centro Sur
 Tolima ;73;Villarric!a ;73873;430,4630123;5021;54;Región Centro Sur
   Valle   %del   Cauca;76; '  Cali   ;76001;563,0409197;2241491;10;Región Pacífico
Valle   del   Cauca   ;76;Alc?alá& #  ;76020;62,35754539;14189;29;Región Pacífico
Valle del Cauca ;76;An'!d*a&l?ucía;76036;110,4604179;22515;34;Región Pacífico
 Valle del >Cauca ;76;Anser!?ma*nuevo;76041;305,4511384;17348;41;Región Pacífico
Valle   del   >Cauca   ;76; &A!rg?elia;76054;90,79604368;5258;41;Región Pacífico
 Valle del >CaUca ;76;B!olíva?r ;76100;743,5720725;15828;50;Región Pacífico
   Valle   del   >Cauca   ;76;B#uenaventu'r?a !  ;76109;6292,410256;310194;44;Región Pacífico
Valle %del> CaUca;76; Gua&dal!#aj'ara de Buga ;76111;825,8772487;128316;34;Región Pacífico
 Valle del Cauca ;76;   B#ugal?agran&de;76113;396,7813234;24400;43;Región Pacífico
   Valle   del   Cauca   ;76;Cai'cedon#ia;76122;166,9836866;28609;33;Región Pacífico
Valle   %del   >Cauca;76;   C&al?ima;76126;793,4979818;18171;51;Región Pacífico
   Valle   %del   CaUca;76; Cande?&laria ;76130;296,473035;93183;31;Región Pacífico
Valle   %del>   Cauca;76; C!ar&*tago ;76147;248,2239721;136596;25;Región Pacífico
   Valle   del   >CaUca   ;76;Da?gua   ;76233;916,3247957;48758;46;Región Pacífico
Valle   del   CaUca   ;76;El   Águila *  ;76243;187,8131356;8696;42;Región Pacífico
Valle %del> Cauca ;76;El  & Cairo;76246;214,2033552;6637;45;Región Pacífico
Valle   del   Cauca;76; E&l Cerr?it#o ;76248;441,8885829;56835;36;Región Pacífico
 Valle del >Cauca;76; &!#  El   Dovio;76250;235,4101174;8711;44;Región Pacífico
Valle %del> CaUca;76;Flor#i&d?a   ;76275;401,5502114;57696;36;Región Pacífico
   Valle   del   Cauca   ;76;   Gine?bra;76306;268,7327231;22908;40;Región Pacífico
   Valle   del   CaUca   ;76; Guacarí;76318;162,4990753;33405;32;Región Pacífico
 Valle %del> Cauca;76;J!amundí?*   ;76364;628,9643411;164159;36;Región Pacífico
Valle %del CaUca;76;La& Cumbre;76377;255,4148942;16422;45;Región Pacífico
 Valle del CaUca;76;La   Un#'ión;76400;120,874949;34244;30;Región Pacífico
   Valle   del   Cauca   ;76;La  '# Vi&ctoria   ;76403;264,6977985;11981;42;Región Pacífico
   Valle   del   CaUca;76;  ' Oba!*ndo   ;76497;214,6770271;12140;40;Región Pacífico
Valle   %del   CaUca;76; P&a?!lmira ;76520;1005,15344;352016;29;Región Pacífico
Valle del Cauca;76;Pr?a'dera   ;76563;356,7310614;47918;35;Región Pacífico
   Valle   %del>   CaUca;76;Res!&'trep?o ;76606;136,2320178;15295;37;Región Pacífico
Valle   del   >CaUca;76;Riof&rí?o !  ;76616;308,0877961;15483;42;Región Pacífico
   Valle   del   >CaUca;76; R&olda*ni?llo;76622;235,7266515;36767;35;Región Pacífico
 Valle del >Cauca;76;   Sa'n !?  Ped*ro;76670;202,1286046;17082;39;Región Pacífico
   Valle   del   Cauca;76; *  #Sevilla;76736;537,1839928;41503;39;Región Pacífico
 Valle %del Cauca ;76;T!?oro ;76823;175,7636534;14467;39;Región Pacífico
   Valle   %del   Cauca;76;   'Truj?il#lo;76828;307,6420937;19073;43;Región Pacífico
   Valle   %del>   CaUca   ;76;T&u!*luá;76834;909,3589722;215978;32;Región Pacífico
Valle   %del   CaUca;76; !  Ul'lo&a   ;76845;41,86087745;5412;35;Región Pacífico
Valle %del Cauca ;76;   V'ersalles;76863;200,5972596;7070;46;Región Pacífico
Valle del Cauca;76;Vij#?es;76869;113,7739448;12817;39;Región Pacífico
 Valle del >Cauca;76;Yot?o'co ;76890;327,8005457;16117;43;Región Pacífico
 Valle %del Cauca;76;Yumb?'o#   ;76892;230,589699;108889;27;Región Pacífico
Valle del CaUca;76;   '#&Zarzal;76895;367,9372673;42191;36;Región Pacífico
 AraU>ca ;81;   Ara!uca&   ;81001;5787,998752;91875;60;Región Llano
Arauca;81; Ar'au&qu#!ita ;81065;3046,788011;53407;59;Región Llano
Ar%auca;81;Crav&o*  !? Norte   ;81220;5212,569096;4042;83;Región Llano
   Ar%auca   ;81;F!o#rtul;81300;1158,596103;19659;55;Región Llano
   Arau>ca;81;P&ue?rto Rond*#'ón;81591;2281,460252;4688;75;Región Llano
   Arau>ca;81; ?  Sar#av*ena;81736;945,136071;59697;48;Región Llano
Arau>ca;81; &T'#ame;81794;5418,70889;46741;61;Región Llano
Cas%anare ;85;   Y!opal   ;85001;2482,938635;173610;48;Región Llano
 Casanare;85;   Agua#!zul   ;85010;1442,507307;37513;53;Región Llano
Casanare;85;Ch'&á#me*za;85015;313,5325391;2571;63;Región Llano
Casanare;85;   Hato   Cor'oz?al   ;85125;5509,712459;12203;74;Región Llano
Cas%anare;85;   L'a   Sali*n&?a   ;85136;199,8942773;1385;62;Región Llano
Casanare;85;  * M#an!í   ;85139;3754,548524;17359;69;Región Llano
   Cas%an>are;85;Mo#nterrey;85162;779,172474;17797;54;Región Llano
   Cas%an>are   ;85;N'u&nch?ía ;85225;1101,813203;8738;62;Región Llano
Casan>are;85;Oro&c#ué !  ;85230;4753,484118;12514;74;Región Llano
 Casan>are;85;Paz de Ari#poro ;85250;12115,04222;36861;73;Región Llano
   Casanare   ;85;   P?ore;85263;780,4712035;12001;60;Región Llano
Casanare;85;   Rec#etor   ;85279;181,226755;1718;56;Región Llano
   Cas%anare   ;85;Saba&nalarga   ;85300;400,9420583;3583;59;Región Llano
   Cas%an>are   ;85; '  Sá&cama;85315;312,236927;2073;64;Región Llano
 Cas%anare ;85;San Luis d!e G?ac#eno;85325;2989,695297;8378;71;Región Llano
Cas%anare;85;Tá?ma'ra ;85400;1091,231261;6671;62;Región Llano
 Casanare;85;   T?!aur&amena;85410;2381,673392;24445;61;Región Llano
 Casanare ;85;Trin*?i#'dad;85430;2970,227695;13350;68;Región Llano
   Casan>are   ;85; V!illanueva;85440;833,8894315;35793;50;Región Llano
PUtUmayo ;86;   !Mo*c&#oa   ;86001;1304,63788;57716;52;Región Centro Sur
PUt%Umayo   ;86; Co!lón;86219;64,27461837;5469;52;Región Centro Sur
Putumayo   ;86;  #& ?Orito   ;86320;1939,390455;38244;54;Región Centro Sur
   PUtUmayo;86; !#  Puerto &  Asís   ;86568;2819,154805;66084;56;Región Centro Sur
 PUtUmayo ;86;P?uerto Cai!#ced'*o ;86569;926,4659927;16033;57;Región Centro Sur
Put%umayo ;86;   Puerto   Guzmán;86571;4576,591559;36052;66;Región Centro Sur
   Put%umayo;86;Le'guí?zamo;86573;10906,87681;29001;77;Región Centro Sur
Put%umayo   ;86;   Si!'&bundoy;86749;97,7346246;15217;39;Región Centro Sur
PUtUmayo;86;San   ?Francisco#   ;86755;407,356741;5585;56;Región Centro Sur
 PUtUm>ayo ;86; #Sa?'n Miguel;86757;379,7421327;19119;47;Región Centro Sur
Putumayo;86;S!&anti?'ago;86760;341,9238196;7284;52;Región Centro Sur
 PUtUm>ayo ;86;Va?lle   de   Gu!a&mez   ;86865;815,1615625;34082;47;Región Centro Sur
 PUt%Umayo;86; Villaga&rzón;86885;1396,97213;23873;57;Región Centro Sur
 San %An>drés;88;San   An#'drés   ;88001;27,13979276;56358;23;Región Caribe
   San   Andrés;88;P?rov*id!e#ncia;88564;22,28445843;6124;41;Región Caribe
 Ama%zonas ;91;L?*#eti!cia   ;91001;6182,41656;48918;70;Región Centro Sur
 Amazonas;91;   El  & Encanto;91263;10897,54671;2077;89;Región Centro Sur
Ama%zonas   ;91;   La & ?# Chorrera;91405;12726,86791;2947;92;Región Centro Sur
Amazonas   ;91;La Ped?rera ;91407;13668,21489;3882;93;Región Centro Sur
Amazonas;91;   La   ?Vict!ori'&#a   ;91430;1432,794978;652;85;Región Centro Sur
Ama%zonas;91; Mirit#i Par?aná;91460;16867,53254;1860;100;Región Centro Sur
Amazo>nas;91;Pu?erto !Alegr*ía ;91530;8494,182494;759;96;Región Centro Sur
Ama%zo>nas ;91; P#&u'erto Arica;91536;13791,32699;1027;100;Región Centro Sur
   Ama%zo>nas   ;91;Puer*to #Na?riño;91540;1509,204302;9997;72;Región Centro Sur
Ama%zonas   ;91;P#u!e*rto &  Santander ?  ;91669;14731,0885;1765;96;Región Centro Sur
 Amazonas ;91;Tara?pa'cá;91798;9195,877935;3869;90;Región Centro Sur
Guain>ía;94; I?nírid#a ;94001;15970,19859;32673;81;Región Llano
Guainía;94; ?B*arr#anco Min&'as;94343;14395,67755;8042;87;Región Llano
 Guai>nía;94;Mapiri!?p&ana ;94663;;1048;84;Región Llano
GU%ai>nía ;94;San'   Fe&lipe;94883;2926,365121;1706;89;Región Llano
   Guain>ía   ;94;   Puert'o  ! Colombia;94884;15700,71281;1934;93;Región Llano
   GU%ainía   ;94;La   Guadalu!pe;94885;1178,870686;288;96;Región Llano
GU%ainía;94;Cacah!ual;94886;2335,324705;886;85;Región Llano
GUainía   ;94;Pana ? & Pana #  ;94887;10227,14678;1959;93;Región Llano
GU%ainía ;94; &  Mo#richal;94888;8555,058239;937;100;Región Llano
GUavi>are ;95; San& José del Guaviare ;95001;16768,51512;54333;70;Región Llano
   Guaviare;95;C'alam?&a!r   ;95015;13556,41522;9801;81;Región Llano
GUaviare;95;   El  *? Retorno   ;95025;12442,22577;13684;77;Región Llano
 GUa%viare ;95;   Mi&!rafl'?or*es   ;95200;12808,07706;6898;81;Región Llano
 Vaupés;97;M*it!ú ;97001;16215,73726;31302;77;Región Llano
 Va%Up>és ;97;C!a*#ruru;97161;6368,486418;3056;85;Región Llano
Vaup>és;97;P*a!coa   ;97511;13993,25057;4229;91;Región Llano
   Vaupés   ;97;Tara#?ir&*a'   ;97666;6510,246561;2318;97;Región Llano
 Va%Upés ;97;Papuna!ua ;97777;5551,153548;749;95;Región Llano
Vaup>és;97;Y#*ava'ra?t!é ;97889;4660,40565;1067;92;Región Llano
 Vi%ch>ada;99;   Puerto   Carr#eño'   ;99001;12204,9514;20474;81;Región Llano
Vichada;99;La Prima&*'!ve#ra;99524;18569,33766;9799;85;Región Llano
Vi%ch>ada;99;Santa   ?Rosalía;99624;3691,869191;4130;81;Región Llano
Vichada   ;99;C#u'?mar!ibo;99773;65597,21235;76196;87;Región Llano
